block_definition,subject_id,experiment_id,session_id,run_id,original_block_id,segment_id,shuffled_block_id,stable_block_number,shuffle_seed,n_trials_before,n_trials_after,order_changed,prior_std_unique_count,prior_mean_unique_count
subject_id + session_id + run_id; then split at missing response,1,11,1,1,s01_session001_run001,s01_session001_run001_segment01,s01_session001_run001_segment01,0,20260717,213,213,True,1,1
subject_id + session_id + run_id; then split at missing response,1,11,1,2,s01_session001_run002,s01_session001_run002_segment01,s01_session001_run002_segment01,1,20260718,215,215,True,1,1
subject_id + session_id + run_id; then split at missing response,1,11,1,3,s01_session001_run003,s01_session001_run003_segment01,s01_session001_run003_segment01,2,20260719,215,215,True,1,1
subject_id + session_id + run_id; then split at missing response,1,11,1,4,s01_session001_run004,s01_session001_run004_segment01,s01_session001_run004_segment01,3,20260720,207,207,True,1,1
subject_id + session_id + run_id; then split at missing response,1,11,1,5,s01_session001_run005,s01_session001_run005_segment01,s01_session001_run005_segment01,4,20260721,215,215,True,1,1
subject_id + session_id + run_id; then split at missing response,1,11,2,6,s01_session002_run006,s01_session002_run006_segment01,s01_session002_run006_segment01,5,20260722,213,213,True,1,1
subject_id + session_id + run_id; then split at missing response,1,11,2,7,s01_session002_run007,s01_session002_run007_segment01,s01_session002_run007_segment01,6,20260723,215,215,True,1,1
subject_id + session_id + run_id; then split at missing response,1,11,2,8,s01_session002_run008,s01_session002_run008_segment01,s01_session002_run008_segment01,7,20260724,207,207,True,1,1
subject_id + session_id + run_id; then split at missing response,1,11,2,9,s01_session002_run009,s01_session002_run009_segment01,s01_session002_run009_segment01,8,20260725,215,215,True,1,1
subject_id + session_id + run_id; then split at missing response,1,11,2,10,s01_session002_run010,s01_session002_run010_segment01,s01_session002_run010_segment01,9,20260726,215,215,True,1,1
subject_id + session_id + run_id; then split at missing response,1,11,3,11,s01_session003_run011,s01_session003_run011_segment01,s01_session003_run011_segment01,10,20260727,215,215,True,1,1
subject_id + session_id + run_id; then split at missing response,1,11,3,12,s01_session003_run012,s01_session003_run012_segment01,s01_session003_run012_segment01,11,20260728,213,213,True,1,1
subject_id + session_id + run_id; then split at missing response,1,11,3,13,s01_session003_run013,s01_session003_run013_segment01,s01_session003_run013_segment01,12,20260729,215,215,True,1,1
subject_id + session_id + run_id; then split at missing response,1,11,3,14,s01_session003_run014,s01_session003_run014_segment01,s01_session003_run014_segment01,13,20260730,207,207,True,1,1
subject_id + session_id + run_id; then split at missing response,1,11,3,15,s01_session003_run015,s01_session003_run015_segment01,s01_session003_run015_segment01,14,20260731,215,215,True,1,1
subject_id + session_id + run_id; then split at missing response,1,11,4,16,s01_session004_run016,s01_session004_run016_segment01,s01_session004_run016_segment01,15,20260732,207,207,True,1,1
subject_id + session_id + run_id; then split at missing response,1,11,4,17,s01_session004_run017,s01_session004_run017_segment01,s01_session004_run017_segment01,16,20260733,215,215,True,1,1
subject_id + session_id + run_id; then split at missing response,1,11,4,18,s01_session004_run018,s01_session004_run018_segment01,s01_session004_run018_segment01,17,20260734,213,213,True,1,1
subject_id + session_id + run_id; then split at missing response,1,11,4,19,s01_session004_run019,s01_session004_run019_segment01,s01_session004_run019_segment01,18,20260735,215,215,True,1,1
subject_id + session_id + run_id; then split at missing response,1,11,4,20,s01_session004_run020,s01_session004_run020_segment01,s01_session004_run020_segment01,19,20260736,215,215,True,1,1
subject_id + session_id + run_id; then split at missing response,1,11,5,21,s01_session005_run021,s01_session005_run021_segment01,s01_session005_run021_segment01,20,20260737,215,215,True,1,1
subject_id + session_id + run_id; then split at missing response,1,11,5,22,s01_session005_run022,s01_session005_run022_segment01,s01_session005_run022_segment01,21,20260738,207,207,True,1,1
subject_id + session_id + run_id; then split at missing response,1,11,5,23,s01_session005_run023,s01_session005_run023_segment01,s01_session005_run023_segment01,22,20260739,213,213,True,1,1
subject_id + session_id + run_id; then split at missing response,1,11,5,24,s01_session005_run024,s01_session005_run024_segment01,s01_session005_run024_segment01,23,20260740,215,215,True,1,1
subject_id + session_id + run_id; then split at missing response,1,11,5,25,s01_session005_run025,s01_session005_run025_segment01,s01_session005_run025_segment01,24,20260741,215,215,True,1,1
subject_id + session_id + run_id; then split at missing response,1,12,6,26,s01_session006_run026,s01_session006_run026_segment01,s01_session006_run026_segment01,25,20260742,202,202,True,1,1
subject_id + session_id + run_id; then split at missing response,1,12,6,27,s01_session006_run027,s01_session006_run027_segment01,s01_session006_run027_segment01,26,20260743,226,226,True,1,1
subject_id + session_id + run_id; then split at missing response,1,12,6,28,s01_session006_run028,s01_session006_run028_segment01,s01_session006_run028_segment01,27,20260744,204,204,True,1,1
subject_id + session_id + run_id; then split at missing response,1,12,6,29,s01_session006_run029,s01_session006_run029_segment01,s01_session006_run029_segment01,28,20260745,221,221,True,1,1
subject_id + session_id + run_id; then split at missing response,1,12,6,30,s01_session006_run030,s01_session006_run030_segment01,s01_session006_run030_segment01,29,20260746,226,226,True,1,1
subject_id + session_id + run_id; then split at missing response,1,12,7,31,s01_session007_run031,s01_session007_run031_segment01,s01_session007_run031_segment01,30,20260747,204,204,True,1,1
subject_id + session_id + run_id; then split at missing response,1,12,7,32,s01_session007_run032,s01_session007_run032_segment01,s01_session007_run032_segment01,31,20260748,226,226,True,1,1
subject_id + session_id + run_id; then split at missing response,1,12,7,33,s01_session007_run033,s01_session007_run033_segment01,s01_session007_run033_segment01,32,20260749,226,226,True,1,1
subject_id + session_id + run_id; then split at missing response,1,12,7,34,s01_session007_run034,s01_session007_run034_segment01,s01_session007_run034_segment01,33,20260750,202,202,True,1,1
subject_id + session_id + run_id; then split at missing response,1,12,7,35,s01_session007_run035,s01_session007_run035_segment01,s01_session007_run035_segment01,34,20260751,221,221,True,1,1
subject_id + session_id + run_id; then split at missing response,1,12,8,36,s01_session008_run036,s01_session008_run036_segment01,s01_session008_run036_segment01,35,20260752,202,202,True,1,1
subject_id + session_id + run_id; then split at missing response,1,12,8,37,s01_session008_run037,s01_session008_run037_segment01,s01_session008_run037_segment01,36,20260753,226,226,True,1,1
subject_id + session_id + run_id; then split at missing response,1,12,8,38,s01_session008_run038,s01_session008_run038_segment01,s01_session008_run038_segment01,37,20260754,204,204,True,1,1
subject_id + session_id + run_id; then split at missing response,1,12,8,39,s01_session008_run039,s01_session008_run039_segment01,s01_session008_run039_segment01,38,20260755,221,221,True,1,1
subject_id + session_id + run_id; then split at missing response,1,12,8,40,s01_session008_run040,s01_session008_run040_segment01,s01_session008_run040_segment01,39,20260756,226,226,True,1,1
subject_id + session_id + run_id; then split at missing response,2,11,1,1,s02_session001_run001,s02_session001_run001_segment01,s02_session001_run001_segment01,40,20260757,213,213,True,1,1
subject_id + session_id + run_id; then split at missing response,2,11,1,2,s02_session001_run002,s02_session001_run002_segment01,s02_session001_run002_segment01,41,20260758,215,215,True,1,1
subject_id + session_id + run_id; then split at missing response,2,11,1,3,s02_session001_run003,s02_session001_run003_segment01,s02_session001_run003_segment01,42,20260759,215,215,True,1,1
subject_id + session_id + run_id; then split at missing response,2,11,1,4,s02_session001_run004,s02_session001_run004_segment01,s02_session001_run004_segment01,43,20260760,207,207,True,1,1
subject_id + session_id + run_id; then split at missing response,2,11,1,5,s02_session001_run005,s02_session001_run005_segment01,s02_session001_run005_segment01,44,20260761,215,215,True,1,1
subject_id + session_id + run_id; then split at missing response,2,11,2,6,s02_session002_run006,s02_session002_run006_segment01,s02_session002_run006_segment01,45,20260762,213,213,True,1,1
subject_id + session_id + run_id; then split at missing response,2,11,2,7,s02_session002_run007,s02_session002_run007_segment01,s02_session002_run007_segment01,46,20260763,215,215,True,1,1
subject_id + session_id + run_id; then split at missing response,2,11,2,8,s02_session002_run008,s02_session002_run008_segment01,s02_session002_run008_segment01,47,20260764,215,215,True,1,1
subject_id + session_id + run_id; then split at missing response,2,11,2,9,s02_session002_run009,s02_session002_run009_segment01,s02_session002_run009_segment01,48,20260765,207,207,True,1,1
subject_id + session_id + run_id; then split at missing response,2,11,2,10,s02_session002_run010,s02_session002_run010_segment01,s02_session002_run010_segment01,49,20260766,215,215,True,1,1
subject_id + session_id + run_id; then split at missing response,2,11,3,11,s02_session003_run011,s02_session003_run011_segment01,s02_session003_run011_segment01,50,20260767,215,215,True,1,1
subject_id + session_id + run_id; then split at missing response,2,11,3,12,s02_session003_run012,s02_session003_run012_segment01,s02_session003_run012_segment01,51,20260768,213,213,True,1,1
subject_id + session_id + run_id; then split at missing response,2,11,3,13,s02_session003_run013,s02_session003_run013_segment01,s02_session003_run013_segment01,52,20260769,215,215,True,1,1
subject_id + session_id + run_id; then split at missing response,2,11,3,14,s02_session003_run014,s02_session003_run014_segment01,s02_session003_run014_segment01,53,20260770,207,207,True,1,1
subject_id + session_id + run_id; then split at missing response,2,11,3,15,s02_session003_run015,s02_session003_run015_segment01,s02_session003_run015_segment01,54,20260771,215,215,True,1,1
subject_id + session_id + run_id; then split at missing response,2,11,4,16,s02_session004_run016,s02_session004_run016_segment01,s02_session004_run016_segment01,55,20260772,215,215,True,1,1
subject_id + session_id + run_id; then split at missing response,2,11,4,17,s02_session004_run017,s02_session004_run017_segment01,s02_session004_run017_segment01,56,20260773,213,213,True,1,1
subject_id + session_id + run_id; then split at missing response,2,11,4,18,s02_session004_run018,s02_session004_run018_segment01,s02_session004_run018_segment01,57,20260774,215,215,True,1,1
subject_id + session_id + run_id; then split at missing response,2,11,4,19,s02_session004_run019,s02_session004_run019_segment01,s02_session004_run019_segment01,58,20260775,207,207,True,1,1
subject_id + session_id + run_id; then split at missing response,2,11,4,20,s02_session004_run020,s02_session004_run020_segment01,s02_session004_run020_segment01,59,20260776,215,215,True,1,1
subject_id + session_id + run_id; then split at missing response,2,11,5,20,s02_session005_run020,s02_session005_run020_segment01,s02_session005_run020_segment01,60,20260777,207,207,True,1,1
subject_id + session_id + run_id; then split at missing response,2,11,5,22,s02_session005_run022,s02_session005_run022_segment01,s02_session005_run022_segment01,61,20260778,215,215,True,1,1
subject_id + session_id + run_id; then split at missing response,2,11,5,23,s02_session005_run023,s02_session005_run023_segment01,s02_session005_run023_segment01,62,20260779,213,213,True,1,1
subject_id + session_id + run_id; then split at missing response,2,11,5,24,s02_session005_run024,s02_session005_run024_segment01,s02_session005_run024_segment01,63,20260780,215,215,True,1,1
subject_id + session_id + run_id; then split at missing response,2,11,5,25,s02_session005_run025,s02_session005_run025_segment01,s02_session005_run025_segment01,64,20260781,215,215,True,1,1
subject_id + session_id + run_id; then split at missing response,2,11,6,26,s02_session006_run026,s02_session006_run026_segment01,s02_session006_run026_segment01,65,20260782,215,215,True,1,1
subject_id + session_id + run_id; then split at missing response,2,11,6,27,s02_session006_run027,s02_session006_run027_segment01,s02_session006_run027_segment01,66,20260783,215,215,True,1,1
subject_id + session_id + run_id; then split at missing response,2,11,6,28,s02_session006_run028,s02_session006_run028_segment01,s02_session006_run028_segment01,67,20260784,207,207,True,1,1
subject_id + session_id + run_id; then split at missing response,2,11,6,29,s02_session006_run029,s02_session006_run029_segment01,s02_session006_run029_segment01,68,20260785,215,215,True,1,1
subject_id + session_id + run_id; then split at missing response,2,11,7,30,s02_session007_run030,s02_session007_run030_segment01,s02_session007_run030_segment01,69,20260786,213,213,True,1,1
subject_id + session_id + run_id; then split at missing response,2,11,7,31,s02_session007_run031,s02_session007_run031_segment01,s02_session007_run031_segment01,70,20260787,215,215,True,1,1
subject_id + session_id + run_id; then split at missing response,2,11,7,32,s02_session007_run032,s02_session007_run032_segment01,s02_session007_run032_segment01,71,20260788,215,215,True,1,1
subject_id + session_id + run_id; then split at missing response,2,11,7,33,s02_session007_run033,s02_session007_run033_segment01,s02_session007_run033_segment01,72,20260789,207,207,True,1,1
subject_id + session_id + run_id; then split at missing response,2,11,8,31,s02_session008_run031,s02_session008_run031_segment01,s02_session008_run031_segment01,73,20260790,213,213,True,1,1
subject_id + session_id + run_id; then split at missing response,2,11,8,33,s02_session008_run033,s02_session008_run033_segment01,s02_session008_run033_segment01,74,20260791,215,215,True,1,1
subject_id + session_id + run_id; then split at missing response,2,11,8,35,s02_session008_run035,s02_session008_run035_segment01,s02_session008_run035_segment01,75,20260792,215,215,True,1,1
subject_id + session_id + run_id; then split at missing response,2,11,8,37,s02_session008_run037,s02_session008_run037_segment01,s02_session008_run037_segment01,76,20260793,207,207,True,1,1
subject_id + session_id + run_id; then split at missing response,3,11,1,1,s03_session001_run001,s03_session001_run001_segment01,s03_session001_run001_segment01,77,20260794,207,207,True,1,1
subject_id + session_id + run_id; then split at missing response,3,11,1,2,s03_session001_run002,s03_session001_run002_segment01,s03_session001_run002_segment01,78,20260795,215,215,True,1,1
subject_id + session_id + run_id; then split at missing response,3,11,1,3,s03_session001_run003,s03_session001_run003_segment01,s03_session001_run003_segment01,79,20260796,213,213,True,1,1
subject_id + session_id + run_id; then split at missing response,3,11,1,4,s03_session001_run004,s03_session001_run004_segment01,s03_session001_run004_segment01,80,20260797,215,215,True,1,1
subject_id + session_id + run_id; then split at missing response,3,11,1,5,s03_session001_run005,s03_session001_run005_segment01,s03_session001_run005_segment01,81,20260798,215,215,True,1,1
subject_id + session_id + run_id; then split at missing response,3,11,2,6,s03_session002_run006,s03_session002_run006_segment01,s03_session002_run006_segment01,82,20260799,213,213,True,1,1
subject_id + session_id + run_id; then split at missing response,3,11,2,7,s03_session002_run007,s03_session002_run007_segment01,s03_session002_run007_segment01,83,20260800,215,215,True,1,1
subject_id + session_id + run_id; then split at missing response,3,11,2,8,s03_session002_run008,s03_session002_run008_segment01,s03_session002_run008_segment01,84,20260801,215,215,True,1,1
subject_id + session_id + run_id; then split at missing response,3,11,2,9,s03_session002_run009,s03_session002_run009_segment01,s03_session002_run009_segment01,85,20260802,207,207,True,1,1
subject_id + session_id + run_id; then split at missing response,3,11,2,10,s03_session002_run010,s03_session002_run010_segment01,s03_session002_run010_segment01,86,20260803,215,215,True,1,1
subject_id + session_id + run_id; then split at missing response,3,11,3,11,s03_session003_run011,s03_session003_run011_segment01,s03_session003_run011_segment01,87,20260804,207,207,True,1,1
subject_id + session_id + run_id; then split at missing response,3,11,3,12,s03_session003_run012,s03_session003_run012_segment01,s03_session003_run012_segment01,88,20260805,215,215,True,1,1
subject_id + session_id + run_id; then split at missing response,3,11,3,13,s03_session003_run013,s03_session003_run013_segment01,s03_session003_run013_segment01,89,20260806,215,215,True,1,1
subject_id + session_id + run_id; then split at missing response,3,11,3,14,s03_session003_run014,s03_session003_run014_segment01,s03_session003_run014_segment01,90,20260807,213,213,True,1,1
subject_id + session_id + run_id; then split at missing response,3,11,3,15,s03_session003_run015,s03_session003_run015_segment01,s03_session003_run015_segment01,91,20260808,215,215,True,1,1
subject_id + session_id + run_id; then split at missing response,3,11,4,16,s03_session004_run016,s03_session004_run016_segment01,s03_session004_run016_segment01,92,20260809,215,215,True,1,1
subject_id + session_id + run_id; then split at missing response,3,11,4,17,s03_session004_run017,s03_session004_run017_segment01,s03_session004_run017_segment01,93,20260810,207,207,True,1,1
subject_id + session_id + run_id; then split at missing response,3,11,4,18,s03_session004_run018,s03_session004_run018_segment01,s03_session004_run018_segment01,94,20260811,213,213,True,1,1
subject_id + session_id + run_id; then split at missing response,3,11,4,19,s03_session004_run019,s03_session004_run019_segment01,s03_session004_run019_segment01,95,20260812,215,215,True,1,1
subject_id + session_id + run_id; then split at missing response,3,11,4,20,s03_session004_run020,s03_session004_run020_segment01,s03_session004_run020_segment01,96,20260813,215,215,True,1,1
subject_id + session_id + run_id; then split at missing response,3,11,5,21,s03_session005_run021,s03_session005_run021_segment01,s03_session005_run021_segment01,97,20260814,215,215,True,1,1
subject_id + session_id + run_id; then split at missing response,3,11,5,22,s03_session005_run022,s03_session005_run022_segment01,s03_session005_run022_segment01,98,20260815,213,213,True,1,1
subject_id + session_id + run_id; then split at missing response,3,11,5,23,s03_session005_run023,s03_session005_run023_segment01,s03_session005_run023_segment01,99,20260816,215,215,True,1,1
subject_id + session_id + run_id; then split at missing response,3,11,5,24,s03_session005_run024,s03_session005_run024_segment01,s03_session005_run024_segment01,100,20260817,207,207,True,1,1
subject_id + session_id + run_id; then split at missing response,3,11,5,25,s03_session005_run025,s03_session005_run025_segment01,s03_session005_run025_segment01,101,20260818,215,215,True,1,1
subject_id + session_id + run_id; then split at missing response,3,11,6,26,s03_session006_run026,s03_session006_run026_segment01,s03_session006_run026_segment01,102,20260819,213,213,True,1,1
subject_id + session_id + run_id; then split at missing response,3,11,6,27,s03_session006_run027,s03_session006_run027_segment01,s03_session006_run027_segment01,103,20260820,215,215,True,1,1
subject_id + session_id + run_id; then split at missing response,3,11,6,28,s03_session006_run028,s03_session006_run028_segment01,s03_session006_run028_segment01,104,20260821,207,207,True,1,1
subject_id + session_id + run_id; then split at missing response,3,11,6,29,s03_session006_run029,s03_session006_run029_segment01,s03_session006_run029_segment01,105,20260822,215,215,True,1,1
subject_id + session_id + run_id; then split at missing response,3,12,7,30,s03_session007_run030,s03_session007_run030_segment01,s03_session007_run030_segment01,106,20260823,204,204,True,1,1
subject_id + session_id + run_id; then split at missing response,3,12,7,31,s03_session007_run031,s03_session007_run031_segment01,s03_session007_run031_segment01,107,20260824,202,202,True,1,1
subject_id + session_id + run_id; then split at missing response,3,12,7,32,s03_session007_run032,s03_session007_run032_segment01,s03_session007_run032_segment01,108,20260825,226,226,True,1,1
subject_id + session_id + run_id; then split at missing response,3,12,7,33,s03_session007_run033,s03_session007_run033_segment01,s03_session007_run033_segment01,109,20260826,221,221,True,1,1
subject_id + session_id + run_id; then split at missing response,3,12,7,34,s03_session007_run034,s03_session007_run034_segment01,s03_session007_run034_segment01,110,20260827,226,226,True,1,1
subject_id + session_id + run_id; then split at missing response,3,12,8,35,s03_session008_run035,s03_session008_run035_segment01,s03_session008_run035_segment01,111,20260828,221,221,True,1,1
subject_id + session_id + run_id; then split at missing response,3,12,8,36,s03_session008_run036,s03_session008_run036_segment01,s03_session008_run036_segment01,112,20260829,226,226,True,1,1
subject_id + session_id + run_id; then split at missing response,3,12,8,37,s03_session008_run037,s03_session008_run037_segment01,s03_session008_run037_segment01,113,20260830,202,202,True,1,1
subject_id + session_id + run_id; then split at missing response,3,12,8,38,s03_session008_run038,s03_session008_run038_segment01,s03_session008_run038_segment01,114,20260831,204,204,True,1,1
subject_id + session_id + run_id; then split at missing response,3,12,8,39,s03_session008_run039,s03_session008_run039_segment01,s03_session008_run039_segment01,115,20260832,226,226,True,1,1
subject_id + session_id + run_id; then split at missing response,3,12,9,40,s03_session009_run040,s03_session009_run040_segment01,s03_session009_run040_segment01,116,20260833,221,221,True,1,1
subject_id + session_id + run_id; then split at missing response,3,12,9,41,s03_session009_run041,s03_session009_run041_segment01,s03_session009_run041_segment01,117,20260834,226,226,True,1,1
subject_id + session_id + run_id; then split at missing response,3,12,9,42,s03_session009_run042,s03_session009_run042_segment01,s03_session009_run042_segment01,118,20260835,226,226,True,1,1
subject_id + session_id + run_id; then split at missing response,3,12,9,43,s03_session009_run043,s03_session009_run043_segment01,s03_session009_run043_segment01,119,20260836,202,202,True,1,1
subject_id + session_id + run_id; then split at missing response,3,12,9,44,s03_session009_run044,s03_session009_run044_segment01,s03_session009_run044_segment01,120,20260837,204,204,True,1,1
subject_id + session_id + run_id; then split at missing response,4,11,1,1,s04_session001_run001,s04_session001_run001_segment01,s04_session001_run001_segment01,121,20260838,215,215,True,1,1
subject_id + session_id + run_id; then split at missing response,4,11,1,2,s04_session001_run002,s04_session001_run002_segment01,s04_session001_run002_segment01,122,20260839,207,207,True,1,1
subject_id + session_id + run_id; then split at missing response,4,11,1,3,s04_session001_run003,s04_session001_run003_segment01,s04_session001_run003_segment01,123,20260840,215,215,True,1,1
subject_id + session_id + run_id; then split at missing response,4,11,1,4,s04_session001_run004,s04_session001_run004_segment01,s04_session001_run004_segment01,124,20260841,215,215,True,1,1
subject_id + session_id + run_id; then split at missing response,4,11,2,5,s04_session002_run005,s04_session002_run005_segment01,s04_session002_run005_segment01,125,20260842,215,215,True,1,1
subject_id + session_id + run_id; then split at missing response,4,11,2,6,s04_session002_run006,s04_session002_run006_segment01,s04_session002_run006_segment01,126,20260843,207,207,True,1,1
subject_id + session_id + run_id; then split at missing response,4,11,2,7,s04_session002_run007,s04_session002_run007_segment01,s04_session002_run007_segment01,127,20260844,213,213,True,1,1
subject_id + session_id + run_id; then split at missing response,4,11,2,8,s04_session002_run008,s04_session002_run008_segment01,s04_session002_run008_segment01,128,20260845,215,215,True,1,1
subject_id + session_id + run_id; then split at missing response,4,11,2,9,s04_session002_run009,s04_session002_run009_segment01,s04_session002_run009_segment01,129,20260846,215,215,True,1,1
subject_id + session_id + run_id; then split at missing response,4,11,3,10,s04_session003_run010,s04_session003_run010_segment01,s04_session003_run010_segment01,130,20260847,207,207,True,1,1
subject_id + session_id + run_id; then split at missing response,4,11,3,11,s04_session003_run011,s04_session003_run011_segment01,s04_session003_run011_segment01,131,20260848,215,215,True,1,1
subject_id + session_id + run_id; then split at missing response,4,11,3,12,s04_session003_run012,s04_session003_run012_segment01,s04_session003_run012_segment01,132,20260849,215,215,True,1,1
subject_id + session_id + run_id; then split at missing response,4,11,3,13,s04_session003_run013,s04_session003_run013_segment01,s04_session003_run013_segment01,133,20260850,213,213,True,1,1
subject_id + session_id + run_id; then split at missing response,4,11,4,14,s04_session004_run014,s04_session004_run014_segment01,s04_session004_run014_segment01,134,20260851,215,215,True,1,1
subject_id + session_id + run_id; then split at missing response,4,11,4,15,s04_session004_run015,s04_session004_run015_segment01,s04_session004_run015_segment01,135,20260852,213,213,True,1,1
subject_id + session_id + run_id; then split at missing response,4,11,4,16,s04_session004_run016,s04_session004_run016_segment01,s04_session004_run016_segment01,136,20260853,215,215,True,1,1
subject_id + session_id + run_id; then split at missing response,4,11,4,17,s04_session004_run017,s04_session004_run017_segment01,s04_session004_run017_segment01,137,20260854,207,207,True,1,1
subject_id + session_id + run_id; then split at missing response,4,11,4,18,s04_session004_run018,s04_session004_run018_segment01,s04_session004_run018_segment01,138,20260855,215,215,True,1,1
subject_id + session_id + run_id; then split at missing response,4,11,5,19,s04_session005_run019,s04_session005_run019_segment01,s04_session005_run019_segment01,139,20260856,215,215,True,1,1
subject_id + session_id + run_id; then split at missing response,4,11,5,20,s04_session005_run020,s04_session005_run020_segment01,s04_session005_run020_segment01,140,20260857,145,145,True,1,1
subject_id + session_id + run_id; then split at missing response,4,11,5,21,s04_session005_run021,s04_session005_run021_segment01,s04_session005_run021_segment01,141,20260858,213,213,True,1,1
subject_id + session_id + run_id; then split at missing response,4,11,5,22,s04_session005_run022,s04_session005_run022_segment01,s04_session005_run022_segment01,142,20260859,207,207,True,1,1
subject_id + session_id + run_id; then split at missing response,4,11,5,23,s04_session005_run023,s04_session005_run023_segment01,s04_session005_run023_segment01,143,20260860,187,187,True,1,1
subject_id + session_id + run_id; then split at missing response,5,11,1,1,s05_session001_run001,s05_session001_run001_segment01,s05_session001_run001_segment01,144,20260861,215,215,True,1,1
subject_id + session_id + run_id; then split at missing response,5,11,1,2,s05_session001_run002,s05_session001_run002_segment01,s05_session001_run002_segment01,145,20260862,215,215,True,1,1
subject_id + session_id + run_id; then split at missing response,5,11,1,3,s05_session001_run003,s05_session001_run003_segment01,s05_session001_run003_segment01,146,20260863,207,207,True,1,1
subject_id + session_id + run_id; then split at missing response,5,11,1,4,s05_session001_run004,s05_session001_run004_segment01,s05_session001_run004_segment01,147,20260864,213,213,True,1,1
subject_id + session_id + run_id; then split at missing response,5,11,2,5,s05_session002_run005,s05_session002_run005_segment01,s05_session002_run005_segment01,148,20260865,215,215,True,1,1
subject_id + session_id + run_id; then split at missing response,5,11,2,6,s05_session002_run006,s05_session002_run006_segment01,s05_session002_run006_segment01,149,20260866,207,207,True,1,1
subject_id + session_id + run_id; then split at missing response,5,11,2,7,s05_session002_run007,s05_session002_run007_segment01,s05_session002_run007_segment01,150,20260867,215,215,True,1,1
subject_id + session_id + run_id; then split at missing response,5,11,2,8,s05_session002_run008,s05_session002_run008_segment01,s05_session002_run008_segment01,151,20260868,215,215,True,1,1
subject_id + session_id + run_id; then split at missing response,5,11,3,9,s05_session003_run009,s05_session003_run009_segment01,s05_session003_run009_segment01,152,20260869,213,213,True,1,1
subject_id + session_id + run_id; then split at missing response,5,11,3,10,s05_session003_run010,s05_session003_run010_segment01,s05_session003_run010_segment01,153,20260870,215,215,True,1,1
subject_id + session_id + run_id; then split at missing response,5,11,3,11,s05_session003_run011,s05_session003_run011_segment01,s05_session003_run011_segment01,154,20260871,207,207,True,1,1
subject_id + session_id + run_id; then split at missing response,5,11,3,12,s05_session003_run012,s05_session003_run012_segment01,s05_session003_run012_segment01,155,20260872,215,215,True,1,1
subject_id + session_id + run_id; then split at missing response,5,12,4,13,s05_session004_run013,s05_session004_run013_segment01,s05_session004_run013_segment01,156,20260873,226,226,True,1,1
subject_id + session_id + run_id; then split at missing response,5,12,4,14,s05_session004_run014,s05_session004_run014_segment01,s05_session004_run014_segment01,157,20260874,204,204,True,1,1
subject_id + session_id + run_id; then split at missing response,5,12,4,15,s05_session004_run015,s05_session004_run015_segment01,s05_session004_run015_segment01,158,20260875,221,221,True,1,1
subject_id + session_id + run_id; then split at missing response,5,12,4,16,s05_session004_run016,s05_session004_run016_segment01,s05_session004_run016_segment01,159,20260876,202,202,True,1,1
subject_id + session_id + run_id; then split at missing response,5,12,4,17,s05_session004_run017,s05_session004_run017_segment01,s05_session004_run017_segment01,160,20260877,226,226,True,1,1
subject_id + session_id + run_id; then split at missing response,5,12,5,18,s05_session005_run018,s05_session005_run018_segment01,s05_session005_run018_segment01,161,20260878,202,202,True,1,1
subject_id + session_id + run_id; then split at missing response,5,12,5,19,s05_session005_run019,s05_session005_run019_segment01,s05_session005_run019_segment01,162,20260879,204,204,True,1,1
subject_id + session_id + run_id; then split at missing response,5,12,5,20,s05_session005_run020,s05_session005_run020_segment01,s05_session005_run020_segment01,163,20260880,226,226,True,1,1
subject_id + session_id + run_id; then split at missing response,5,12,5,21,s05_session005_run021,s05_session005_run021_segment01,s05_session005_run021_segment01,164,20260881,226,226,True,1,1
subject_id + session_id + run_id; then split at missing response,5,12,5,22,s05_session005_run022,s05_session005_run022_segment01,s05_session005_run022_segment01,165,20260882,221,221,True,1,1
subject_id + session_id + run_id; then split at missing response,5,12,6,23,s05_session006_run023,s05_session006_run023_segment01,s05_session006_run023_segment01,166,20260883,221,221,True,1,1
subject_id + session_id + run_id; then split at missing response,5,12,6,24,s05_session006_run024,s05_session006_run024_segment01,s05_session006_run024_segment01,167,20260884,226,226,True,1,1
subject_id + session_id + run_id; then split at missing response,5,12,6,25,s05_session006_run025,s05_session006_run025_segment01,s05_session006_run025_segment01,168,20260885,202,202,True,1,1
subject_id + session_id + run_id; then split at missing response,5,12,6,26,s05_session006_run026,s05_session006_run026_segment01,s05_session006_run026_segment01,169,20260886,204,204,True,1,1
subject_id + session_id + run_id; then split at missing response,5,12,6,27,s05_session006_run027,s05_session006_run027_segment01,s05_session006_run027_segment01,170,20260887,226,226,True,1,1
subject_id + session_id + run_id; then split at missing response,6,12,1,1,s06_session001_run001,s06_session001_run001_segment01,s06_session001_run001_segment01,171,20260888,204,204,True,1,1
subject_id + session_id + run_id; then split at missing response,6,12,1,2,s06_session001_run002,s06_session001_run002_segment01,s06_session001_run002_segment01,172,20260889,221,221,True,1,1
subject_id + session_id + run_id; then split at missing response,6,12,1,3,s06_session001_run003,s06_session001_run003_segment01,s06_session001_run003_segment01,173,20260890,226,226,True,1,1
subject_id + session_id + run_id; then split at missing response,6,12,1,4,s06_session001_run004,s06_session001_run004_segment01,s06_session001_run004_segment01,174,20260891,202,202,True,1,1
subject_id + session_id + run_id; then split at missing response,6,12,1,5,s06_session001_run005,s06_session001_run005_segment01,s06_session001_run005_segment01,175,20260892,226,226,True,1,1
subject_id + session_id + run_id; then split at missing response,6,12,2,6,s06_session002_run006,s06_session002_run006_segment01,s06_session002_run006_segment01,176,20260893,202,202,True,1,1
subject_id + session_id + run_id; then split at missing response,6,12,2,7,s06_session002_run007,s06_session002_run007_segment01,s06_session002_run007_segment01,177,20260894,221,221,True,1,1
subject_id + session_id + run_id; then split at missing response,6,12,2,8,s06_session002_run008,s06_session002_run008_segment01,s06_session002_run008_segment01,178,20260895,226,226,True,1,1
subject_id + session_id + run_id; then split at missing response,6,12,2,9,s06_session002_run009,s06_session002_run009_segment01,s06_session002_run009_segment01,179,20260896,204,204,True,1,1
subject_id + session_id + run_id; then split at missing response,6,12,2,10,s06_session002_run010,s06_session002_run010_segment01,s06_session002_run010_segment01,180,20260897,226,226,True,1,1
subject_id + session_id + run_id; then split at missing response,6,12,3,11,s06_session003_run011,s06_session003_run011_segment01,s06_session003_run011_segment01,181,20260898,204,204,True,1,1
subject_id + session_id + run_id; then split at missing response,6,12,3,12,s06_session003_run012,s06_session003_run012_segment01,s06_session003_run012_segment01,182,20260899,221,221,True,1,1
subject_id + session_id + run_id; then split at missing response,6,12,3,13,s06_session003_run013,s06_session003_run013_segment01,s06_session003_run013_segment01,183,20260900,226,226,True,1,1
subject_id + session_id + run_id; then split at missing response,6,12,3,14,s06_session003_run014,s06_session003_run014_segment01,s06_session003_run014_segment01,184,20260901,202,202,True,1,1
subject_id + session_id + run_id; then split at missing response,6,12,3,15,s06_session003_run015,s06_session003_run015_segment01,s06_session003_run015_segment01,185,20260902,226,226,True,1,1
subject_id + session_id + run_id; then split at missing response,6,12,4,16,s06_session004_run016,s06_session004_run016_segment01,s06_session004_run016_segment01,186,20260903,226,226,True,1,1
subject_id + session_id + run_id; then split at missing response,6,12,4,17,s06_session004_run017,s06_session004_run017_segment01,s06_session004_run017_segment01,187,20260904,204,204,True,1,1
subject_id + session_id + run_id; then split at missing response,6,12,4,18,s06_session004_run018,s06_session004_run018_segment01,s06_session004_run018_segment01,188,20260905,226,226,True,1,1
subject_id + session_id + run_id; then split at missing response,6,12,4,19,s06_session004_run019,s06_session004_run019_segment01,s06_session004_run019_segment01,189,20260906,221,221,True,1,1
subject_id + session_id + run_id; then split at missing response,6,12,4,20,s06_session004_run020,s06_session004_run020_segment01,s06_session004_run020_segment01,190,20260907,202,202,True,1,1
subject_id + session_id + run_id; then split at missing response,6,12,5,21,s06_session005_run021,s06_session005_run021_segment01,s06_session005_run021_segment01,191,20260908,226,226,True,1,1
subject_id + session_id + run_id; then split at missing response,6,12,5,22,s06_session005_run022,s06_session005_run022_segment01,s06_session005_run022_segment01,192,20260909,226,226,True,1,1
subject_id + session_id + run_id; then split at missing response,6,12,5,23,s06_session005_run023,s06_session005_run023_segment01,s06_session005_run023_segment01,193,20260910,221,221,True,1,1
subject_id + session_id + run_id; then split at missing response,6,12,5,24,s06_session005_run024,s06_session005_run024_segment01,s06_session005_run024_segment01,194,20260911,204,204,True,1,1
subject_id + session_id + run_id; then split at missing response,6,12,5,25,s06_session005_run025,s06_session005_run025_segment01,s06_session005_run025_segment01,195,20260912,202,202,True,1,1
subject_id + session_id + run_id; then split at missing response,6,12,6,26,s06_session006_run026,s06_session006_run026_segment01,s06_session006_run026_segment01,196,20260913,221,221,True,1,1
subject_id + session_id + run_id; then split at missing response,6,12,6,27,s06_session006_run027,s06_session006_run027_segment01,s06_session006_run027_segment01,197,20260914,204,204,True,1,1
subject_id + session_id + run_id; then split at missing response,6,12,6,28,s06_session006_run028,s06_session006_run028_segment01,s06_session006_run028_segment01,198,20260915,226,226,True,1,1
subject_id + session_id + run_id; then split at missing response,6,12,6,29,s06_session006_run029,s06_session006_run029_segment01,s06_session006_run029_segment01,199,20260916,202,202,True,1,1
subject_id + session_id + run_id; then split at missing response,6,12,6,30,s06_session006_run030,s06_session006_run030_segment01,s06_session006_run030_segment01,200,20260917,226,226,True,1,1
subject_id + session_id + run_id; then split at missing response,6,12,7,31,s06_session007_run031,s06_session007_run031_segment01,s06_session007_run031_segment01,201,20260918,202,202,True,1,1
subject_id + session_id + run_id; then split at missing response,6,12,7,32,s06_session007_run032,s06_session007_run032_segment01,s06_session007_run032_segment01,202,20260919,204,204,True,1,1
subject_id + session_id + run_id; then split at missing response,6,12,7,33,s06_session007_run033,s06_session007_run033_segment01,s06_session007_run033_segment01,203,20260920,226,226,True,1,1
subject_id + session_id + run_id; then split at missing response,6,12,7,34,s06_session007_run034,s06_session007_run034_segment01,s06_session007_run034_segment01,204,20260921,221,221,True,1,1
subject_id + session_id + run_id; then split at missing response,6,12,7,35,s06_session007_run035,s06_session007_run035_segment01,s06_session007_run035_segment01,205,20260922,226,226,True,1,1
subject_id + session_id + run_id; then split at missing response,7,11,1,1,s07_session001_run001,s07_session001_run001_segment01,s07_session001_run001_segment01,206,20260923,215,215,True,1,1
subject_id + session_id + run_id; then split at missing response,7,11,1,2,s07_session001_run002,s07_session001_run002_segment01,s07_session001_run002_segment01,207,20260924,207,207,True,1,1
subject_id + session_id + run_id; then split at missing response,7,11,1,3,s07_session001_run003,s07_session001_run003_segment01,s07_session001_run003_segment01,208,20260925,213,213,True,1,1
subject_id + session_id + run_id; then split at missing response,7,11,1,4,s07_session001_run004,s07_session001_run004_segment01,s07_session001_run004_segment01,209,20260926,215,215,True,1,1
subject_id + session_id + run_id; then split at missing response,7,11,2,5,s07_session002_run005,s07_session002_run005_segment01,s07_session002_run005_segment01,210,20260927,215,215,True,1,1
subject_id + session_id + run_id; then split at missing response,7,11,2,6,s07_session002_run006,s07_session002_run006_segment01,s07_session002_run006_segment01,211,20260928,215,215,True,1,1
subject_id + session_id + run_id; then split at missing response,7,11,2,7,s07_session002_run007,s07_session002_run007_segment01,s07_session002_run007_segment01,212,20260929,207,207,True,1,1
subject_id + session_id + run_id; then split at missing response,7,11,2,8,s07_session002_run008,s07_session002_run008_segment01,s07_session002_run008_segment01,213,20260930,215,215,True,1,1
subject_id + session_id + run_id; then split at missing response,7,11,3,9,s07_session003_run009,s07_session003_run009_segment01,s07_session003_run009_segment01,214,20260931,213,213,True,1,1
subject_id + session_id + run_id; then split at missing response,7,11,3,10,s07_session003_run010,s07_session003_run010_segment01,s07_session003_run010_segment01,215,20260932,215,215,True,1,1
subject_id + session_id + run_id; then split at missing response,7,11,3,11,s07_session003_run011,s07_session003_run011_segment01,s07_session003_run011_segment01,216,20260933,215,215,True,1,1
subject_id + session_id + run_id; then split at missing response,7,11,3,12,s07_session003_run012,s07_session003_run012_segment01,s07_session003_run012_segment01,217,20260934,215,215,True,1,1
subject_id + session_id + run_id; then split at missing response,7,12,4,13,s07_session004_run013,s07_session004_run013_segment01,s07_session004_run013_segment01,218,20260935,202,202,True,1,1
subject_id + session_id + run_id; then split at missing response,7,12,4,14,s07_session004_run014,s07_session004_run014_segment01,s07_session004_run014_segment01,219,20260936,226,226,True,1,1
subject_id + session_id + run_id; then split at missing response,7,12,4,15,s07_session004_run015,s07_session004_run015_segment01,s07_session004_run015_segment01,220,20260937,204,204,True,1,1
subject_id + session_id + run_id; then split at missing response,7,12,4,16,s07_session004_run016,s07_session004_run016_segment01,s07_session004_run016_segment01,221,20260938,221,221,True,1,1
subject_id + session_id + run_id; then split at missing response,7,12,4,17,s07_session004_run017,s07_session004_run017_segment01,s07_session004_run017_segment01,222,20260939,226,226,True,1,1
subject_id + session_id + run_id; then split at missing response,7,12,5,18,s07_session005_run018,s07_session005_run018_segment01,s07_session005_run018_segment01,223,20260940,221,221,True,1,1
subject_id + session_id + run_id; then split at missing response,7,12,5,19,s07_session005_run019,s07_session005_run019_segment01,s07_session005_run019_segment01,224,20260941,226,226,True,1,1
subject_id + session_id + run_id; then split at missing response,7,12,5,20,s07_session005_run020,s07_session005_run020_segment01,s07_session005_run020_segment01,225,20260942,204,204,True,1,1
subject_id + session_id + run_id; then split at missing response,7,12,5,21,s07_session005_run021,s07_session005_run021_segment01,s07_session005_run021_segment01,226,20260943,226,226,True,1,1
subject_id + session_id + run_id; then split at missing response,7,12,5,22,s07_session005_run022,s07_session005_run022_segment01,s07_session005_run022_segment01,227,20260944,202,202,True,1,1
subject_id + session_id + run_id; then split at missing response,7,12,6,23,s07_session006_run023,s07_session006_run023_segment01,s07_session006_run023_segment01,228,20260945,226,226,True,1,1
subject_id + session_id + run_id; then split at missing response,7,12,6,24,s07_session006_run024,s07_session006_run024_segment01,s07_session006_run024_segment01,229,20260946,204,204,True,1,1
subject_id + session_id + run_id; then split at missing response,7,12,6,25,s07_session006_run025,s07_session006_run025_segment01,s07_session006_run025_segment01,230,20260947,202,202,True,1,1
subject_id + session_id + run_id; then split at missing response,7,12,6,26,s07_session006_run026,s07_session006_run026_segment01,s07_session006_run026_segment01,231,20260948,221,221,True,1,1
subject_id + session_id + run_id; then split at missing response,7,12,6,27,s07_session006_run027,s07_session006_run027_segment01,s07_session006_run027_segment01,232,20260949,226,226,True,1,1
subject_id + session_id + run_id; then split at missing response,8,11,1,1,s08_session001_run001,s08_session001_run001_segment01,s08_session001_run001_segment01,233,20260950,207,207,True,1,1
subject_id + session_id + run_id; then split at missing response,8,11,1,2,s08_session001_run002,s08_session001_run002_segment01,s08_session001_run002_segment01,234,20260951,215,215,True,1,1
subject_id + session_id + run_id; then split at missing response,8,11,1,3,s08_session001_run003,s08_session001_run003_segment01,s08_session001_run003_segment01,235,20260952,215,215,True,1,1
subject_id + session_id + run_id; then split at missing response,8,11,1,4,s08_session001_run004,s08_session001_run004_segment01,s08_session001_run004_segment01,236,20260953,213,213,True,1,1
subject_id + session_id + run_id; then split at missing response,8,11,2,5,s08_session002_run005,s08_session002_run005_segment01,s08_session002_run005_segment01,237,20260954,213,213,True,1,1
subject_id + session_id + run_id; then split at missing response,8,11,2,6,s08_session002_run006,s08_session002_run006_segment01,s08_session002_run006_segment01,238,20260955,215,215,True,1,1
subject_id + session_id + run_id; then split at missing response,8,11,2,7,s08_session002_run007,s08_session002_run007_segment01,s08_session002_run007_segment01,239,20260956,215,215,True,1,1
subject_id + session_id + run_id; then split at missing response,8,11,2,8,s08_session002_run008,s08_session002_run008_segment01,s08_session002_run008_segment01,240,20260957,215,215,True,1,1
subject_id + session_id + run_id; then split at missing response,8,11,3,9,s08_session003_run009,s08_session003_run009_segment01,s08_session003_run009_segment01,241,20260958,207,207,True,1,1
subject_id + session_id + run_id; then split at missing response,8,11,3,10,s08_session003_run010,s08_session003_run010_segment01,s08_session003_run010_segment01,242,20260959,215,215,True,1,1
subject_id + session_id + run_id; then split at missing response,8,11,3,11,s08_session003_run011,s08_session003_run011_segment01,s08_session003_run011_segment01,243,20260960,215,215,True,1,1
subject_id + session_id + run_id; then split at missing response,8,11,3,12,s08_session003_run012,s08_session003_run012_segment01,s08_session003_run012_segment01,244,20260961,215,215,True,1,1
subject_id + session_id + run_id; then split at missing response,8,12,4,13,s08_session004_run013,s08_session004_run013_segment01,s08_session004_run013_segment01,245,20260962,226,226,True,1,1
subject_id + session_id + run_id; then split at missing response,8,12,4,14,s08_session004_run014,s08_session004_run014_segment01,s08_session004_run014_segment01,246,20260963,226,226,True,1,1
subject_id + session_id + run_id; then split at missing response,8,12,4,15,s08_session004_run015,s08_session004_run015_segment01,s08_session004_run015_segment01,247,20260964,204,204,True,1,1
subject_id + session_id + run_id; then split at missing response,8,12,4,16,s08_session004_run016,s08_session004_run016_segment01,s08_session004_run016_segment01,248,20260965,202,202,True,1,1
subject_id + session_id + run_id; then split at missing response,8,12,4,17,s08_session004_run017,s08_session004_run017_segment01,s08_session004_run017_segment01,249,20260966,221,221,True,1,1
subject_id + session_id + run_id; then split at missing response,8,12,5,18,s08_session005_run018,s08_session005_run018_segment01,s08_session005_run018_segment01,250,20260967,221,221,True,1,1
subject_id + session_id + run_id; then split at missing response,8,12,5,19,s08_session005_run019,s08_session005_run019_segment01,s08_session005_run019_segment01,251,20260968,202,202,True,1,1
subject_id + session_id + run_id; then split at missing response,8,12,5,20,s08_session005_run020,s08_session005_run020_segment01,s08_session005_run020_segment01,252,20260969,226,226,True,1,1
subject_id + session_id + run_id; then split at missing response,8,12,5,21,s08_session005_run021,s08_session005_run021_segment01,s08_session005_run021_segment01,253,20260970,204,204,True,1,1
subject_id + session_id + run_id; then split at missing response,8,12,5,22,s08_session005_run022,s08_session005_run022_segment01,s08_session005_run022_segment01,254,20260971,226,226,True,1,1
subject_id + session_id + run_id; then split at missing response,8,12,6,23,s08_session006_run023,s08_session006_run023_segment01,s08_session006_run023_segment01,255,20260972,204,204,True,1,1
subject_id + session_id + run_id; then split at missing response,8,12,6,24,s08_session006_run024,s08_session006_run024_segment01,s08_session006_run024_segment01,256,20260973,226,226,True,1,1
subject_id + session_id + run_id; then split at missing response,8,12,6,25,s08_session006_run025,s08_session006_run025_segment01,s08_session006_run025_segment01,257,20260974,202,202,True,1,1
subject_id + session_id + run_id; then split at missing response,8,12,6,26,s08_session006_run026,s08_session006_run026_segment01,s08_session006_run026_segment01,258,20260975,226,226,True,1,1
subject_id + session_id + run_id; then split at missing response,8,12,6,27,s08_session006_run027,s08_session006_run027_segment01,s08_session006_run027_segment01,259,20260976,221,221,True,1,1
subject_id + session_id + run_id; then split at missing response,9,12,1,1,s09_session001_run001,s09_session001_run001_segment01,s09_session001_run001_segment01,260,20260977,221,221,True,1,1
subject_id + session_id + run_id; then split at missing response,9,12,1,2,s09_session001_run002,s09_session001_run002_segment01,s09_session001_run002_segment01,261,20260978,204,204,True,1,1
subject_id + session_id + run_id; then split at missing response,9,12,1,3,s09_session001_run003,s09_session001_run003_segment01,s09_session001_run003_segment01,262,20260979,226,226,True,1,1
subject_id + session_id + run_id; then split at missing response,9,12,1,4,s09_session001_run004,s09_session001_run004_segment01,s09_session001_run004_segment01,263,20260980,226,226,True,1,1
subject_id + session_id + run_id; then split at missing response,9,12,1,5,s09_session001_run005,s09_session001_run005_segment01,s09_session001_run005_segment01,264,20260981,202,202,True,1,1
subject_id + session_id + run_id; then split at missing response,9,12,2,6,s09_session002_run006,s09_session002_run006_segment01,s09_session002_run006_segment01,265,20260982,226,226,True,1,1
subject_id + session_id + run_id; then split at missing response,9,12,2,7,s09_session002_run007,s09_session002_run007_segment01,s09_session002_run007_segment01,266,20260983,204,204,True,1,1
subject_id + session_id + run_id; then split at missing response,9,12,2,8,s09_session002_run008,s09_session002_run008_segment01,s09_session002_run008_segment01,267,20260984,221,221,True,1,1
subject_id + session_id + run_id; then split at missing response,9,12,2,9,s09_session002_run009,s09_session002_run009_segment01,s09_session002_run009_segment01,268,20260985,226,226,True,1,1
subject_id + session_id + run_id; then split at missing response,9,12,2,10,s09_session002_run010,s09_session002_run010_segment01,s09_session002_run010_segment01,269,20260986,202,202,True,1,1
subject_id + session_id + run_id; then split at missing response,9,12,3,11,s09_session003_run011,s09_session003_run011_segment01,s09_session003_run011_segment01,270,20260987,221,221,True,1,1
subject_id + session_id + run_id; then split at missing response,9,12,3,12,s09_session003_run012,s09_session003_run012_segment01,s09_session003_run012_segment01,271,20260988,226,226,True,1,1
subject_id + session_id + run_id; then split at missing response,9,12,3,13,s09_session003_run013,s09_session003_run013_segment01,s09_session003_run013_segment01,272,20260989,226,226,True,1,1
subject_id + session_id + run_id; then split at missing response,9,12,3,14,s09_session003_run014,s09_session003_run014_segment01,s09_session003_run014_segment01,273,20260990,202,202,True,1,1
subject_id + session_id + run_id; then split at missing response,9,12,3,15,s09_session003_run015,s09_session003_run015_segment01,s09_session003_run015_segment01,274,20260991,204,204,True,1,1
subject_id + session_id + run_id; then split at missing response,9,12,4,16,s09_session004_run016,s09_session004_run016_segment01,s09_session004_run016_segment01,275,20260992,202,202,True,1,1
subject_id + session_id + run_id; then split at missing response,9,12,4,17,s09_session004_run017,s09_session004_run017_segment01,s09_session004_run017_segment01,276,20260993,204,204,True,1,1
subject_id + session_id + run_id; then split at missing response,9,12,4,18,s09_session004_run018,s09_session004_run018_segment01,s09_session004_run018_segment01,277,20260994,226,226,True,1,1
subject_id + session_id + run_id; then split at missing response,9,12,4,19,s09_session004_run019,s09_session004_run019_segment01,s09_session004_run019_segment01,278,20260995,226,226,True,1,1
subject_id + session_id + run_id; then split at missing response,9,12,4,20,s09_session004_run020,s09_session004_run020_segment01,s09_session004_run020_segment01,279,20260996,221,221,True,1,1
subject_id + session_id + run_id; then split at missing response,9,12,5,21,s09_session005_run021,s09_session005_run021_segment01,s09_session005_run021_segment01,280,20260997,204,204,True,1,1
subject_id + session_id + run_id; then split at missing response,9,12,5,22,s09_session005_run022,s09_session005_run022_segment01,s09_session005_run022_segment01,281,20260998,226,226,True,1,1
subject_id + session_id + run_id; then split at missing response,9,12,5,23,s09_session005_run023,s09_session005_run023_segment01,s09_session005_run023_segment01,282,20260999,221,221,True,1,1
subject_id + session_id + run_id; then split at missing response,9,12,5,24,s09_session005_run024,s09_session005_run024_segment01,s09_session005_run024_segment01,283,20261000,226,226,True,1,1
subject_id + session_id + run_id; then split at missing response,9,12,5,25,s09_session005_run025,s09_session005_run025_segment01,s09_session005_run025_segment01,284,20261001,202,202,True,1,1
subject_id + session_id + run_id; then split at missing response,9,12,6,26,s09_session006_run026,s09_session006_run026_segment01,s09_session006_run026_segment01,285,20261002,221,221,True,1,1
subject_id + session_id + run_id; then split at missing response,9,12,6,27,s09_session006_run027,s09_session006_run027_segment01,s09_session006_run027_segment01,286,20261003,202,202,True,1,1
subject_id + session_id + run_id; then split at missing response,9,12,6,28,s09_session006_run028,s09_session006_run028_segment01,s09_session006_run028_segment01,287,20261004,204,204,True,1,1
subject_id + session_id + run_id; then split at missing response,9,12,6,29,s09_session006_run029,s09_session006_run029_segment01,s09_session006_run029_segment01,288,20261005,226,226,True,1,1
subject_id + session_id + run_id; then split at missing response,9,12,6,30,s09_session006_run030,s09_session006_run030_segment01,s09_session006_run030_segment01,289,20261006,226,226,True,1,1
subject_id + session_id + run_id; then split at missing response,9,12,7,31,s09_session007_run031,s09_session007_run031_segment01,s09_session007_run031_segment01,290,20261007,226,226,True,1,1
subject_id + session_id + run_id; then split at missing response,9,12,7,32,s09_session007_run032,s09_session007_run032_segment01,s09_session007_run032_segment01,291,20261008,221,221,True,1,1
subject_id + session_id + run_id; then split at missing response,9,12,7,33,s09_session007_run033,s09_session007_run033_segment01,s09_session007_run033_segment01,292,20261009,226,226,True,1,1
subject_id + session_id + run_id; then split at missing response,9,12,7,34,s09_session007_run034,s09_session007_run034_segment01,s09_session007_run034_segment01,293,20261010,204,204,True,1,1
subject_id + session_id + run_id; then split at missing response,9,12,7,35,s09_session007_run035,s09_session007_run035_segment01,s09_session007_run035_segment01,294,20261011,202,202,True,1,1
subject_id + session_id + run_id; then split at missing response,9,12,8,36,s09_session008_run036,s09_session008_run036_segment01,s09_session008_run036_segment01,295,20261012,204,204,True,1,1
subject_id + session_id + run_id; then split at missing response,9,12,8,37,s09_session008_run037,s09_session008_run037_segment01,s09_session008_run037_segment01,296,20261013,221,221,True,1,1
subject_id + session_id + run_id; then split at missing response,9,12,8,38,s09_session008_run038,s09_session008_run038_segment01,s09_session008_run038_segment01,297,20261014,202,202,True,1,1
subject_id + session_id + run_id; then split at missing response,9,12,8,39,s09_session008_run039,s09_session008_run039_segment01,s09_session008_run039_segment01,298,20261015,226,226,True,1,1
subject_id + session_id + run_id; then split at missing response,9,12,8,40,s09_session008_run040,s09_session008_run040_segment01,s09_session008_run040_segment01,299,20261016,226,226,True,1,1
subject_id + session_id + run_id; then split at missing response,10,12,1,1,s10_session001_run001,s10_session001_run001_segment01,s10_session001_run001_segment01,300,20261017,226,226,True,1,1
subject_id + session_id + run_id; then split at missing response,10,12,1,2,s10_session001_run002,s10_session001_run002_segment01,s10_session001_run002_segment01,301,20261018,202,202,True,1,1
subject_id + session_id + run_id; then split at missing response,10,12,1,3,s10_session001_run003,s10_session001_run003_segment01,s10_session001_run003_segment01,302,20261019,221,221,True,1,1
subject_id + session_id + run_id; then split at missing response,10,12,1,4,s10_session001_run004,s10_session001_run004_segment01,s10_session001_run004_segment01,303,20261020,204,204,True,1,1
subject_id + session_id + run_id; then split at missing response,10,12,1,5,s10_session001_run005,s10_session001_run005_segment01,s10_session001_run005_segment01,304,20261021,226,226,True,1,1
subject_id + session_id + run_id; then split at missing response,10,12,2,6,s10_session002_run006,s10_session002_run006_segment01,s10_session002_run006_segment01,305,20261022,202,202,True,1,1
subject_id + session_id + run_id; then split at missing response,10,12,2,7,s10_session002_run007,s10_session002_run007_segment01,s10_session002_run007_segment01,306,20261023,226,226,True,1,1
subject_id + session_id + run_id; then split at missing response,10,12,2,8,s10_session002_run008,s10_session002_run008_segment01,s10_session002_run008_segment01,307,20261024,204,204,True,1,1
subject_id + session_id + run_id; then split at missing response,10,12,2,9,s10_session002_run009,s10_session002_run009_segment01,s10_session002_run009_segment01,308,20261025,226,226,True,1,1
subject_id + session_id + run_id; then split at missing response,10,12,2,10,s10_session002_run010,s10_session002_run010_segment01,s10_session002_run010_segment01,309,20261026,221,221,True,1,1
subject_id + session_id + run_id; then split at missing response,10,12,3,11,s10_session003_run011,s10_session003_run011_segment01,s10_session003_run011_segment01,310,20261027,226,226,True,1,1
subject_id + session_id + run_id; then split at missing response,10,12,3,13,s10_session003_run013,s10_session003_run013_segment01,s10_session003_run013_segment01,311,20261028,221,221,True,1,1
subject_id + session_id + run_id; then split at missing response,10,12,3,14,s10_session003_run014,s10_session003_run014_segment01,s10_session003_run014_segment01,312,20261029,226,226,True,1,1
subject_id + session_id + run_id; then split at missing response,10,12,3,15,s10_session003_run015,s10_session003_run015_segment01,s10_session003_run015_segment01,313,20261030,202,202,True,1,1
subject_id + session_id + run_id; then split at missing response,10,12,4,16,s10_session004_run016,s10_session004_run016_segment01,s10_session004_run016_segment01,314,20261031,221,221,True,1,1
subject_id + session_id + run_id; then split at missing response,10,12,4,17,s10_session004_run017,s10_session004_run017_segment01,s10_session004_run017_segment01,315,20261032,204,204,True,1,1
subject_id + session_id + run_id; then split at missing response,10,12,4,18,s10_session004_run018,s10_session004_run018_segment01,s10_session004_run018_segment01,316,20261033,226,226,True,1,1
subject_id + session_id + run_id; then split at missing response,10,12,4,19,s10_session004_run019,s10_session004_run019_segment01,s10_session004_run019_segment01,317,20261034,202,202,True,1,1
subject_id + session_id + run_id; then split at missing response,10,12,5,20,s10_session005_run020,s10_session005_run020_segment01,s10_session005_run020_segment01,318,20261035,204,204,True,1,1
subject_id + session_id + run_id; then split at missing response,10,12,5,21,s10_session005_run021,s10_session005_run021_segment01,s10_session005_run021_segment01,319,20261036,221,221,True,1,1
subject_id + session_id + run_id; then split at missing response,10,12,5,22,s10_session005_run022,s10_session005_run022_segment01,s10_session005_run022_segment01,320,20261037,226,226,True,1,1
subject_id + session_id + run_id; then split at missing response,10,12,5,23,s10_session005_run023,s10_session005_run023_segment01,s10_session005_run023_segment01,321,20261038,226,226,True,1,1
subject_id + session_id + run_id; then split at missing response,10,12,5,24,s10_session005_run024,s10_session005_run024_segment01,s10_session005_run024_segment01,322,20261039,202,202,True,1,1
subject_id + session_id + run_id; then split at missing response,10,12,6,25,s10_session006_run025,s10_session006_run025_segment01,s10_session006_run025_segment01,323,20261040,221,221,True,1,1
subject_id + session_id + run_id; then split at missing response,10,12,6,26,s10_session006_run026,s10_session006_run026_segment01,s10_session006_run026_segment01,324,20261041,226,226,True,1,1
subject_id + session_id + run_id; then split at missing response,10,12,6,27,s10_session006_run027,s10_session006_run027_segment01,s10_session006_run027_segment01,325,20261042,226,226,True,1,1
subject_id + session_id + run_id; then split at missing response,10,12,6,28,s10_session006_run028,s10_session006_run028_segment01,s10_session006_run028_segment01,326,20261043,204,204,True,1,1
subject_id + session_id + run_id; then split at missing response,10,12,6,29,s10_session006_run029,s10_session006_run029_segment01,s10_session006_run029_segment01,327,20261044,202,202,True,1,1
subject_id + session_id + run_id; then split at missing response,11,12,1,1,s11_session001_run001,s11_session001_run001_segment01,s11_session001_run001_segment01,328,20261045,221,221,True,1,1
subject_id + session_id + run_id; then split at missing response,11,12,1,2,s11_session001_run002,s11_session001_run002_segment01,s11_session001_run002_segment01,329,20261046,226,226,True,1,1
subject_id + session_id + run_id; then split at missing response,11,12,1,3,s11_session001_run003,s11_session001_run003_segment01,s11_session001_run003_segment01,330,20261047,204,204,True,1,1
subject_id + session_id + run_id; then split at missing response,11,12,1,4,s11_session001_run004,s11_session001_run004_segment01,s11_session001_run004_segment01,331,20261048,202,202,True,1,1
subject_id + session_id + run_id; then split at missing response,11,12,1,5,s11_session001_run005,s11_session001_run005_segment01,s11_session001_run005_segment01,332,20261049,226,226,True,1,1
subject_id + session_id + run_id; then split at missing response,11,12,2,6,s11_session002_run006,s11_session002_run006_segment01,s11_session002_run006_segment01,333,20261050,226,226,True,1,1
subject_id + session_id + run_id; then split at missing response,11,12,2,7,s11_session002_run007,s11_session002_run007_segment01,s11_session002_run007_segment01,334,20261051,204,204,True,1,1
subject_id + session_id + run_id; then split at missing response,11,12,2,8,s11_session002_run008,s11_session002_run008_segment01,s11_session002_run008_segment01,335,20261052,202,202,True,1,1
subject_id + session_id + run_id; then split at missing response,11,12,2,9,s11_session002_run009,s11_session002_run009_segment01,s11_session002_run009_segment01,336,20261053,221,221,True,1,1
subject_id + session_id + run_id; then split at missing response,11,12,2,10,s11_session002_run010,s11_session002_run010_segment01,s11_session002_run010_segment01,337,20261054,226,226,True,1,1
subject_id + session_id + run_id; then split at missing response,11,12,3,11,s11_session003_run011,s11_session003_run011_segment01,s11_session003_run011_segment01,338,20261055,226,226,True,1,1
subject_id + session_id + run_id; then split at missing response,11,12,3,12,s11_session003_run012,s11_session003_run012_segment01,s11_session003_run012_segment01,339,20261056,202,202,True,1,1
subject_id + session_id + run_id; then split at missing response,11,12,3,13,s11_session003_run013,s11_session003_run013_segment01,s11_session003_run013_segment01,340,20261057,226,226,True,1,1
subject_id + session_id + run_id; then split at missing response,11,12,3,14,s11_session003_run014,s11_session003_run014_segment01,s11_session003_run014_segment01,341,20261058,221,221,True,1,1
subject_id + session_id + run_id; then split at missing response,11,12,3,15,s11_session003_run015,s11_session003_run015_segment01,s11_session003_run015_segment01,342,20261059,204,204,True,1,1
subject_id + session_id + run_id; then split at missing response,11,12,4,16,s11_session004_run016,s11_session004_run016_segment01,s11_session004_run016_segment01,343,20261060,226,226,True,1,1
subject_id + session_id + run_id; then split at missing response,11,12,4,17,s11_session004_run017,s11_session004_run017_segment01,s11_session004_run017_segment01,344,20261061,204,204,True,1,1
subject_id + session_id + run_id; then split at missing response,11,12,4,18,s11_session004_run018,s11_session004_run018_segment01,s11_session004_run018_segment01,345,20261062,221,221,True,1,1
subject_id + session_id + run_id; then split at missing response,11,12,4,19,s11_session004_run019,s11_session004_run019_segment01,s11_session004_run019_segment01,346,20261063,202,202,True,1,1
subject_id + session_id + run_id; then split at missing response,11,12,4,20,s11_session004_run020,s11_session004_run020_segment01,s11_session004_run020_segment01,347,20261064,226,226,True,1,1
subject_id + session_id + run_id; then split at missing response,11,12,5,21,s11_session005_run021,s11_session005_run021_segment01,s11_session005_run021_segment01,348,20261065,202,202,True,1,1
subject_id + session_id + run_id; then split at missing response,11,12,5,22,s11_session005_run022,s11_session005_run022_segment01,s11_session005_run022_segment01,349,20261066,226,226,True,1,1
subject_id + session_id + run_id; then split at missing response,11,12,5,23,s11_session005_run023,s11_session005_run023_segment01,s11_session005_run023_segment01,350,20261067,221,221,True,1,1
subject_id + session_id + run_id; then split at missing response,11,12,5,24,s11_session005_run024,s11_session005_run024_segment01,s11_session005_run024_segment01,351,20261068,226,226,True,1,1
subject_id + session_id + run_id; then split at missing response,11,12,5,25,s11_session005_run025,s11_session005_run025_segment01,s11_session005_run025_segment01,352,20261069,204,204,True,1,1
subject_id + session_id + run_id; then split at missing response,11,12,6,26,s11_session006_run026,s11_session006_run026_segment01,s11_session006_run026_segment01,353,20261070,221,221,True,1,1
subject_id + session_id + run_id; then split at missing response,11,12,6,27,s11_session006_run027,s11_session006_run027_segment01,s11_session006_run027_segment01,354,20261071,204,204,True,1,1
subject_id + session_id + run_id; then split at missing response,11,12,6,28,s11_session006_run028,s11_session006_run028_segment01,s11_session006_run028_segment01,355,20261072,226,226,True,1,1
subject_id + session_id + run_id; then split at missing response,11,12,6,29,s11_session006_run029,s11_session006_run029_segment01,s11_session006_run029_segment01,356,20261073,226,226,True,1,1
subject_id + session_id + run_id; then split at missing response,11,12,6,30,s11_session006_run030,s11_session006_run030_segment01,s11_session006_run030_segment01,357,20261074,202,202,True,1,1
subject_id + session_id + run_id; then split at missing response,12,12,1,1,s12_session001_run001,s12_session001_run001_segment01,s12_session001_run001_segment01,358,20261075,204,204,True,1,1
subject_id + session_id + run_id; then split at missing response,12,12,1,2,s12_session001_run002,s12_session001_run002_segment01,s12_session001_run002_segment01,359,20261076,221,221,True,1,1
subject_id + session_id + run_id; then split at missing response,12,12,1,3,s12_session001_run003,s12_session001_run003_segment01,s12_session001_run003_segment01,360,20261077,226,226,True,1,1
subject_id + session_id + run_id; then split at missing response,12,12,1,4,s12_session001_run004,s12_session001_run004_segment01,s12_session001_run004_segment01,361,20261078,226,226,True,1,1
subject_id + session_id + run_id; then split at missing response,12,12,1,5,s12_session001_run005,s12_session001_run005_segment01,s12_session001_run005_segment01,362,20261079,202,202,True,1,1
subject_id + session_id + run_id; then split at missing response,12,12,2,6,s12_session002_run006,s12_session002_run006_segment01,s12_session002_run006_segment01,363,20261080,226,226,True,1,1
subject_id + session_id + run_id; then split at missing response,12,12,2,7,s12_session002_run007,s12_session002_run007_segment01,s12_session002_run007_segment01,364,20261081,226,226,True,1,1
subject_id + session_id + run_id; then split at missing response,12,12,2,8,s12_session002_run008,s12_session002_run008_segment01,s12_session002_run008_segment01,365,20261082,202,202,True,1,1
subject_id + session_id + run_id; then split at missing response,12,12,2,9,s12_session002_run009,s12_session002_run009_segment01,s12_session002_run009_segment01,366,20261083,221,221,True,1,1
subject_id + session_id + run_id; then split at missing response,12,12,2,10,s12_session002_run010,s12_session002_run010_segment01,s12_session002_run010_segment01,367,20261084,204,204,True,1,1
subject_id + session_id + run_id; then split at missing response,12,12,3,11,s12_session003_run011,s12_session003_run011_segment01,s12_session003_run011_segment01,368,20261085,204,204,True,1,1
subject_id + session_id + run_id; then split at missing response,12,12,3,12,s12_session003_run012,s12_session003_run012_segment01,s12_session003_run012_segment01,369,20261086,226,226,True,1,1
subject_id + session_id + run_id; then split at missing response,12,12,3,13,s12_session003_run013,s12_session003_run013_segment01,s12_session003_run013_segment01,370,20261087,226,226,True,1,1
subject_id + session_id + run_id; then split at missing response,12,12,3,14,s12_session003_run014,s12_session003_run014_segment01,s12_session003_run014_segment01,371,20261088,202,202,True,1,1
subject_id + session_id + run_id; then split at missing response,12,12,3,15,s12_session003_run015,s12_session003_run015_segment01,s12_session003_run015_segment01,372,20261089,221,221,True,1,1
subject_id + session_id + run_id; then split at missing response,12,12,4,16,s12_session004_run016,s12_session004_run016_segment01,s12_session004_run016_segment01,373,20261090,202,202,True,1,1
subject_id + session_id + run_id; then split at missing response,12,12,4,17,s12_session004_run017,s12_session004_run017_segment01,s12_session004_run017_segment01,374,20261091,204,204,True,1,1
subject_id + session_id + run_id; then split at missing response,12,12,4,18,s12_session004_run018,s12_session004_run018_segment01,s12_session004_run018_segment01,375,20261092,221,221,True,1,1
subject_id + session_id + run_id; then split at missing response,12,12,4,19,s12_session004_run019,s12_session004_run019_segment01,s12_session004_run019_segment01,376,20261093,226,226,True,1,1
subject_id + session_id + run_id; then split at missing response,12,12,4,20,s12_session004_run020,s12_session004_run020_segment01,s12_session004_run020_segment01,377,20261094,226,226,True,1,1
subject_id + session_id + run_id; then split at missing response,12,12,5,21,s12_session005_run021,s12_session005_run021_segment01,s12_session005_run021_segment01,378,20261095,226,226,True,1,1
subject_id + session_id + run_id; then split at missing response,12,12,5,22,s12_session005_run022,s12_session005_run022_segment01,s12_session005_run022_segment01,379,20261096,221,221,True,1,1
subject_id + session_id + run_id; then split at missing response,12,12,5,23,s12_session005_run023,s12_session005_run023_segment01,s12_session005_run023_segment01,380,20261097,204,204,True,1,1
subject_id + session_id + run_id; then split at missing response,12,12,5,24,s12_session005_run024,s12_session005_run024_segment01,s12_session005_run024_segment01,381,20261098,202,202,True,1,1
subject_id + session_id + run_id; then split at missing response,12,12,5,25,s12_session005_run025,s12_session005_run025_segment01,s12_session005_run025_segment01,382,20261099,226,226,True,1,1
subject_id + session_id + run_id; then split at missing response,12,12,6,26,s12_session006_run026,s12_session006_run026_segment01,s12_session006_run026_segment01,383,20261100,204,204,True,1,1
subject_id + session_id + run_id; then split at missing response,12,12,6,27,s12_session006_run027,s12_session006_run027_segment01,s12_session006_run027_segment01,384,20261101,226,226,True,1,1
subject_id + session_id + run_id; then split at missing response,12,12,6,28,s12_session006_run028,s12_session006_run028_segment01,s12_session006_run028_segment01,385,20261102,221,221,True,1,1
subject_id + session_id + run_id; then split at missing response,12,12,6,29,s12_session006_run029,s12_session006_run029_segment01,s12_session006_run029_segment01,386,20261103,226,226,True,1,1
subject_id + session_id + run_id; then split at missing response,12,12,6,30,s12_session006_run030,s12_session006_run030_segment01,s12_session006_run030_segment01,387,20261104,202,202,True,1,1
