stage,fold,subject_id,model,seed,train_ll,delta_from_best,converged,n_iter,selected,message
cv,1.0,,HMM_static,1100,-52984.022085887846,-0.0291511629766318,True,31,False,
cv,1.0,,HMM_static,1101,-52984.043912555535,-0.0509778306659427,True,31,False,
cv,1.0,,HMM_static,1102,-52984.030203002,-0.0372682771267136,True,33,False,
cv,1.0,,HMM_static,1103,-52984.0049831966,-0.0120484717263025,True,33,False,
cv,1.0,,HMM_static,1104,-52984.01659057207,-0.0236558472024626,True,33,False,
cv,1.0,,HMM_static,1105,-52984.09964902539,-0.1067143005202524,True,82,False,
cv,1.0,,HMM_static,1106,-52984.017202492905,-0.0242677680362248,True,31,False,
cv,1.0,,HMM_static,1107,-52984.00968972916,-0.0167550042897346,True,34,False,
cv,1.0,,HMM_static,1108,-52984.01418339567,-0.0212486708041979,True,31,False,
cv,1.0,,HMM_static,1109,-52984.04831714719,-0.0553824223170522,True,35,False,
cv,1.0,,HMM_static,1110,-52984.0013056066,-0.0083708817255683,True,34,False,
cv,1.0,,HMM_static,1111,-52984.0087424187,-0.0158076938314479,True,32,False,
cv,1.0,,HMM_static,1112,-52983.99293472487,0.0,True,32,True,
cv,1.0,,HMM_static,1113,-52984.02459741436,-0.0316626894928049,True,32,False,
cv,1.0,,HMM_static,1114,-52984.020292074194,-0.0273573493250296,True,31,False,
cv,1.0,,HMM_static,1115,-52984.045559711725,-0.0526249868562445,True,32,False,
cv,1.0,,HMM_static,1116,-52984.0299641677,-0.0370294428284978,True,31,False,
cv,1.0,,HMM_static,1117,-52984.04074940505,-0.0478146801833645,True,31,False,
cv,1.0,,HMM_static,1118,-52983.99985258711,-0.0069178622361505,True,32,False,
cv,1.0,,HMM_static,1119,-52984.02823838534,-0.0353036604719818,True,31,False,
cv,1.0,,HMM_static,1120,-52984.01528424655,-0.0223495216778246,True,32,False,
cv,1.0,,HMM_static,1121,-52984.048948395,-0.0560136701315059,True,35,False,
cv,1.0,,HMM_static,1122,-52983.99583033952,-0.0028956146488781,True,32,False,
cv,1.0,,HMM_static,1123,-52984.00038964202,-0.0074549171476974,True,32,False,
cv,1.0,,HMM_static,1124,-52984.016109939126,-0.0231752142572077,True,32,False,
cv,1.0,,Independent_switching,2100,-56790.586427385606,-0.1360268317002919,True,28,False,
cv,1.0,,Independent_switching,2101,-56790.58989930381,-0.1394987499079434,True,53,False,
cv,1.0,,Independent_switching,2102,-56790.59204740962,-0.1416468557144981,True,32,False,
cv,1.0,,Independent_switching,2103,-56790.59218422814,-0.1417836742330109,True,46,False,
cv,1.0,,Independent_switching,2104,-56790.59316465793,-0.1427641040208982,True,52,False,
cv,1.0,,Independent_switching,2105,-56790.59335905506,-0.142958501157409,True,45,False,
cv,1.0,,Independent_switching,2106,-56790.58780509584,-0.1374045419361209,True,98,False,
cv,1.0,,Independent_switching,2107,-56790.58780539533,-0.1374048414218123,True,95,False,
cv,1.0,,Independent_switching,2108,-56790.595060039086,-0.1446594851804548,True,51,False,
cv,1.0,,Independent_switching,2109,-56790.58874388124,-0.138343327329494,True,56,False,
cv,1.0,,Independent_switching,2110,-56790.589865291135,-0.139464737228991,True,49,False,
cv,1.0,,Independent_switching,2111,-56790.5938969836,-0.1434964296931866,True,43,False,
cv,1.0,,Independent_switching,2112,-56790.58780444923,-0.1374038953217677,True,85,False,
cv,1.0,,Independent_switching,2113,-56790.45040055391,0.0,True,26,True,
cv,1.0,,Independent_switching,2114,-56790.58780632191,-0.1374057680077385,True,85,False,
cv,1.0,,Independent_switching,2115,-56790.58780761447,-0.1374070605597808,True,87,False,
cv,1.0,,Independent_switching,2116,-56790.565873526095,-0.115472972189309,True,35,False,
cv,1.0,,Independent_switching,2117,-56790.58821501973,-0.1378144658228848,True,62,False,
cv,1.0,,Independent_switching,2118,-56790.589234594896,-0.1388340409903321,True,46,False,
cv,1.0,,Independent_switching,2119,-56790.5962919932,-0.1458914392933366,True,43,False,
cv,1.0,,Independent_switching,2120,-56790.45316945911,-0.0027689052076311,True,21,False,
cv,1.0,,Independent_switching,2121,-56790.588332243686,-0.137931689780089,True,59,False,
cv,1.0,,Independent_switching,2122,-56790.593028004245,-0.1426274503392051,True,60,False,
cv,1.0,,Independent_switching,2123,-56790.58969011954,-0.1392895656317705,True,48,False,
cv,1.0,,Independent_switching,2124,-56790.58782891992,-0.1374283660115907,True,81,False,
cv,1.0,,Serial_stim_independent_switching,3100,-56789.93290772836,-0.0001323919932474,True,34,False,CONVERGENCE: RELATIVE REDUCTION OF F <= FACTR*EPSMCH
cv,1.0,,Serial_stim_independent_switching,3101,-56789.93338915778,-0.0006138214157545,True,37,False,CONVERGENCE: RELATIVE REDUCTION OF F <= FACTR*EPSMCH
cv,1.0,,Serial_stim_independent_switching,3102,-56789.932836846914,-6.15105454926379e-05,True,38,False,CONVERGENCE: RELATIVE REDUCTION OF F <= FACTR*EPSMCH
cv,1.0,,Serial_stim_independent_switching,3103,-56789.9355732868,-0.0027979504302493,True,40,False,CONVERGENCE: RELATIVE REDUCTION OF F <= FACTR*EPSMCH
cv,1.0,,Serial_stim_independent_switching,3104,-56789.93358067651,-0.0008053401397773,True,38,False,CONVERGENCE: RELATIVE REDUCTION OF F <= FACTR*EPSMCH
cv,1.0,,Serial_stim_independent_switching,3105,-56789.940562492106,-0.007787155736878,True,35,False,CONVERGENCE: RELATIVE REDUCTION OF F <= FACTR*EPSMCH
cv,1.0,,Serial_stim_independent_switching,3106,-56789.93376362603,-0.0009882896629278,True,31,False,CONVERGENCE: RELATIVE REDUCTION OF F <= FACTR*EPSMCH
cv,1.0,,Serial_stim_independent_switching,3107,-56789.9387080868,-0.0059327504350221,True,36,False,CONVERGENCE: RELATIVE REDUCTION OF F <= FACTR*EPSMCH
cv,1.0,,Serial_stim_independent_switching,3108,-56789.93283097435,-5.563798185903579e-05,True,42,False,CONVERGENCE: RELATIVE REDUCTION OF F <= FACTR*EPSMCH
cv,1.0,,Serial_stim_independent_switching,3109,-56789.933440762616,-0.0006654262469965,True,29,False,CONVERGENCE: RELATIVE REDUCTION OF F <= FACTR*EPSMCH
cv,1.0,,Serial_stim_independent_switching,3110,-56789.93294926832,-0.0001739319486659,True,23,False,CONVERGENCE: RELATIVE REDUCTION OF F <= FACTR*EPSMCH
cv,1.0,,Serial_stim_independent_switching,3111,-56789.93283514242,-5.980605055810884e-05,True,44,False,CONVERGENCE: RELATIVE REDUCTION OF F <= FACTR*EPSMCH
cv,1.0,,Serial_stim_independent_switching,3112,-56789.93277533637,0.0,True,41,True,CONVERGENCE: RELATIVE REDUCTION OF F <= FACTR*EPSMCH
cv,1.0,,Serial_stim_independent_switching,3113,-56789.93302957622,-0.0002542398506193,True,44,False,CONVERGENCE: RELATIVE REDUCTION OF F <= FACTR*EPSMCH
cv,1.0,,Serial_stim_independent_switching,3114,-56789.93473447916,-0.0019591427917475,True,24,False,CONVERGENCE: RELATIVE REDUCTION OF F <= FACTR*EPSMCH
cv,1.0,,Serial_resp_independent_switching,3100,-56784.48435257046,-0.0001186727458843,True,34,False,CONVERGENCE: RELATIVE REDUCTION OF F <= FACTR*EPSMCH
cv,1.0,,Serial_resp_independent_switching,3101,-56784.484508414345,-0.0002745166348177,True,27,False,CONVERGENCE: RELATIVE REDUCTION OF F <= FACTR*EPSMCH
cv,1.0,,Serial_resp_independent_switching,3102,-56784.48443990192,-0.0002060042097582,True,26,False,CONVERGENCE: RELATIVE REDUCTION OF F <= FACTR*EPSMCH
cv,1.0,,Serial_resp_independent_switching,3103,-56784.48580430016,-0.0015704024481237,True,40,False,CONVERGENCE: RELATIVE REDUCTION OF F <= FACTR*EPSMCH
cv,1.0,,Serial_resp_independent_switching,3104,-56784.48751060472,-0.0032767070078989,True,47,False,CONVERGENCE: RELATIVE REDUCTION OF F <= FACTR*EPSMCH
cv,1.0,,Serial_resp_independent_switching,3105,-56784.484616368616,-0.0003824709056061,True,39,False,CONVERGENCE: RELATIVE REDUCTION OF F <= FACTR*EPSMCH
cv,1.0,,Serial_resp_independent_switching,3106,-56784.49299705421,-0.0087631565038464,True,30,False,CONVERGENCE: RELATIVE REDUCTION OF F <= FACTR*EPSMCH
cv,1.0,,Serial_resp_independent_switching,3107,-56784.49045334754,-0.0062194498314056,True,37,False,CONVERGENCE: RELATIVE REDUCTION OF F <= FACTR*EPSMCH
cv,1.0,,Serial_resp_independent_switching,3108,-56784.48739818356,-0.0031642858521081,True,38,False,CONVERGENCE: RELATIVE REDUCTION OF F <= FACTR*EPSMCH
cv,1.0,,Serial_resp_independent_switching,3109,-56784.48442161199,-0.0001877142785815,True,32,False,CONVERGENCE: RELATIVE REDUCTION OF F <= FACTR*EPSMCH
cv,1.0,,Serial_resp_independent_switching,3110,-56784.48664344871,-0.0024095509943435,True,38,False,CONVERGENCE: RELATIVE REDUCTION OF F <= FACTR*EPSMCH
cv,1.0,,Serial_resp_independent_switching,3111,-56784.48447097655,-0.0002370788351981,True,36,False,CONVERGENCE: RELATIVE REDUCTION OF F <= FACTR*EPSMCH
cv,1.0,,Serial_resp_independent_switching,3112,-56784.48552085584,-0.0012869581332779,True,35,False,CONVERGENCE: RELATIVE REDUCTION OF F <= FACTR*EPSMCH
cv,1.0,,Serial_resp_independent_switching,3113,-56784.48423389771,0.0,True,48,True,CONVERGENCE: RELATIVE REDUCTION OF F <= FACTR*EPSMCH
cv,1.0,,Serial_resp_independent_switching,3114,-56784.4848266855,-0.0005927877864451,True,31,False,CONVERGENCE: RELATIVE REDUCTION OF F <= FACTR*EPSMCH
cv,1.0,,Serial_both_independent_switching,3100,-56779.31001812936,-0.0032373825961258,True,41,False,CONVERGENCE: RELATIVE REDUCTION OF F <= FACTR*EPSMCH
cv,1.0,,Serial_both_independent_switching,3101,-56779.30678074676,0.0,True,45,True,CONVERGENCE: RELATIVE REDUCTION OF F <= FACTR*EPSMCH
cv,1.0,,Serial_both_independent_switching,3102,-56779.30736518357,-0.0005844368133693,True,60,False,CONVERGENCE: RELATIVE REDUCTION OF F <= FACTR*EPSMCH
cv,1.0,,Serial_both_independent_switching,3103,-56779.30900961003,-0.0022288632681011,True,45,False,CONVERGENCE: RELATIVE REDUCTION OF F <= FACTR*EPSMCH
cv,1.0,,Serial_both_independent_switching,3104,-56779.30806993548,-0.0012891887236037,True,48,False,CONVERGENCE: RELATIVE REDUCTION OF F <= FACTR*EPSMCH
cv,1.0,,Serial_both_independent_switching,3105,-56779.31826161785,-0.0114808710932265,True,36,False,CONVERGENCE: RELATIVE REDUCTION OF F <= FACTR*EPSMCH
cv,1.0,,Serial_both_independent_switching,3106,-56779.31592763357,-0.0091468868122319,True,33,False,CONVERGENCE: RELATIVE REDUCTION OF F <= FACTR*EPSMCH
cv,1.0,,Serial_both_independent_switching,3107,-56779.309497741386,-0.0027169946260983,True,48,False,CONVERGENCE: RELATIVE REDUCTION OF F <= FACTR*EPSMCH
cv,1.0,,Serial_both_independent_switching,3108,-56779.31306298448,-0.0062822377221891,True,53,False,CONVERGENCE: RELATIVE REDUCTION OF F <= FACTR*EPSMCH
cv,1.0,,Serial_both_independent_switching,3109,-56779.30678776943,-7.0226669777184725e-06,True,50,False,CONVERGENCE: RELATIVE REDUCTION OF F <= FACTR*EPSMCH
cv,1.0,,Serial_both_independent_switching,3110,-56779.30888138566,-0.0021006388997193,True,42,False,CONVERGENCE: RELATIVE REDUCTION OF F <= FACTR*EPSMCH
cv,1.0,,Serial_both_independent_switching,3111,-56779.30711924951,-0.0003385027521289,True,55,False,CONVERGENCE: RELATIVE REDUCTION OF F <= FACTR*EPSMCH
cv,1.0,,Serial_both_independent_switching,3112,-56779.31160286309,-0.0048221163306152,True,52,False,CONVERGENCE: RELATIVE REDUCTION OF F <= FACTR*EPSMCH
cv,1.0,,Serial_both_independent_switching,3113,-56779.30891823849,-0.0021374917268985,True,47,False,CONVERGENCE: RELATIVE REDUCTION OF F <= FACTR*EPSMCH
cv,1.0,,Serial_both_independent_switching,3114,-56779.30725986394,-0.0004791171813849,True,48,False,CONVERGENCE: RELATIVE REDUCTION OF F <= FACTR*EPSMCH
cv,1.0,,Covariate_HMM,4100,-51177.410731656375,-0.2123488870129222,True,43,False,
cv,1.0,,Covariate_HMM,4101,-51177.30798538936,-0.1096026199957123,True,39,False,
cv,1.0,,Covariate_HMM,4102,-51177.19838276936,0.0,True,52,True,
cv,1.0,,Covariate_HMM,4103,-51177.42286701855,-0.2244842491854797,True,48,False,
cv,1.0,,Covariate_HMM,4104,-51177.24701080467,-0.0486280353070469,True,49,False,
cv,1.0,,Covariate_HMM,4105,-51177.418710485705,-0.2203277163425809,True,43,False,
cv,1.0,,Covariate_HMM,4106,-51177.24387525621,-0.0454924868463422,True,50,False,
cv,1.0,,Covariate_HMM,4107,-51177.20512214741,-0.0067393780482234,True,46,False,
cv,1.0,,Covariate_HMM,4108,-51177.42316635183,-0.2247835824673529,True,40,False,
cv,1.0,,Covariate_HMM,4109,-51177.43552235015,-0.2371395807858789,True,42,False,
cv,2.0,,HMM_static,1200,-52805.39112060026,-0.0146784980752272,True,30,False,
cv,2.0,,HMM_static,1201,-52805.38965431223,-0.0132122100476408,True,29,False,
cv,2.0,,HMM_static,1202,-52805.38110245666,-0.0046603544760728,True,29,False,
cv,2.0,,HMM_static,1203,-52805.43708609031,-0.0606439881230471,True,28,False,
cv,2.0,,HMM_static,1204,-52805.37792783321,-0.0014857310234219,True,30,False,
cv,2.0,,HMM_static,1205,-52805.40085324703,-0.0244111448482726,True,28,False,
cv,2.0,,HMM_static,1206,-52805.40005979074,-0.0236176885591703,True,28,False,
cv,2.0,,HMM_static,1207,-52805.42374556859,-0.0473034664028091,True,36,False,
cv,2.0,,HMM_static,1208,-52805.50735041567,-0.1309083134838147,True,29,False,
cv,2.0,,HMM_static,1209,-52805.40644956385,-0.0300074616679921,True,32,False,
cv,2.0,,HMM_static,1210,-52805.38499931694,-0.0085572147581842,True,29,False,
cv,2.0,,HMM_static,1211,-52805.41513984335,-0.0386977411690168,True,29,False,
cv,2.0,,HMM_static,1212,-52805.42574418655,-0.0493020843641716,True,30,False,
cv,2.0,,HMM_static,1213,-52805.38090673024,-0.0044646280584856,True,28,False,
cv,2.0,,HMM_static,1214,-52805.38298866292,-0.0065465607331134,True,28,False,
cv,2.0,,HMM_static,1215,-52805.4340453849,-0.0576032827157177,True,28,False,
cv,2.0,,HMM_static,1216,-52805.48953812454,-0.1130960223526926,True,93,False,
cv,2.0,,HMM_static,1217,-52805.39325086056,-0.0168087583733722,True,29,False,
cv,2.0,,HMM_static,1218,-52805.48953345235,-0.1130913501692703,True,89,False,
cv,2.0,,HMM_static,1219,-52805.41815366415,-0.0417115619638934,True,29,False,
cv,2.0,,HMM_static,1220,-52805.37957759159,-0.0031354894090327,True,28,False,
cv,2.0,,HMM_static,1221,-52805.45006787509,-0.0736257729076896,True,28,False,
cv,2.0,,HMM_static,1222,-52805.37644210218,0.0,True,29,True,
cv,2.0,,HMM_static,1223,-52805.38366472176,-0.0072226195770781,True,28,False,
cv,2.0,,HMM_static,1224,-52805.38934780823,-0.0129057060476043,True,31,False,
cv,2.0,,Independent_switching,2200,-56806.2311822994,-0.0691908772205351,True,43,False,
cv,2.0,,Independent_switching,2201,-56806.22608555944,-0.0640941372548695,True,81,False,
cv,2.0,,Independent_switching,2202,-56806.231352954856,-0.0693615326745202,True,52,False,
cv,2.0,,Independent_switching,2203,-56806.2317242733,-0.0697328511159867,True,44,False,
cv,2.0,,Independent_switching,2204,-56806.21220039639,-0.050208974207635,True,25,False,
cv,2.0,,Independent_switching,2205,-56806.22660552376,-0.064614101574989,True,64,False,
cv,2.0,,Independent_switching,2206,-56806.23122916119,-0.0692377390078036,True,57,False,
cv,2.0,,Independent_switching,2207,-56806.23043763858,-0.0684462163990247,True,54,False,
cv,2.0,,Independent_switching,2208,-56806.22614754793,-0.0641561257507419,True,68,False,
cv,2.0,,Independent_switching,2209,-56806.23074472755,-0.0687533053715014,True,58,False,
cv,2.0,,Independent_switching,2210,-56806.2307965756,-0.0688051534234546,True,53,False,
cv,2.0,,Independent_switching,2211,-56806.2250017609,-0.063010338722961,True,37,False,
cv,2.0,,Independent_switching,2212,-56806.18859679888,-0.0266053766972618,True,21,False,
cv,2.0,,Independent_switching,2213,-56806.16199142218,0.0,True,24,True,
cv,2.0,,Independent_switching,2214,-56806.22607686321,-0.0640854410303291,True,81,False,
cv,2.0,,Independent_switching,2215,-56806.21700891595,-0.0550174937670817,True,28,False,
cv,2.0,,Independent_switching,2216,-56806.23131949212,-0.0693280699415481,True,49,False,
cv,2.0,,Independent_switching,2217,-56806.23160699969,-0.0696155775076476,True,49,False,
cv,2.0,,Independent_switching,2218,-56806.23108692591,-0.0690955037280218,True,54,False,
cv,2.0,,Independent_switching,2219,-56806.23076107355,-0.0687696513705304,True,59,False,
cv,2.0,,Independent_switching,2220,-56806.23073254447,-0.0687411222897935,True,54,False,
cv,2.0,,Independent_switching,2221,-56806.22546365872,-0.0634722365430207,True,32,False,
cv,2.0,,Independent_switching,2222,-56806.22648380519,-0.0644923830113839,True,64,False,
cv,2.0,,Independent_switching,2223,-56806.23114036176,-0.0691489395831013,True,55,False,
cv,2.0,,Independent_switching,2224,-56806.23071787269,-0.0687264505104394,True,52,False,
cv,2.0,,Serial_stim_independent_switching,3200,-56805.87912678696,-0.000867163107614,True,36,False,CONVERGENCE: RELATIVE REDUCTION OF F <= FACTR*EPSMCH
cv,2.0,,Serial_stim_independent_switching,3201,-56805.87942626201,-0.0011666381542454,True,40,False,CONVERGENCE: RELATIVE REDUCTION OF F <= FACTR*EPSMCH
cv,2.0,,Serial_stim_independent_switching,3202,-56805.87830460109,-4.4977234210819006e-05,True,33,False,CONVERGENCE: RELATIVE REDUCTION OF F <= FACTR*EPSMCH
cv,2.0,,Serial_stim_independent_switching,3203,-56805.88019212189,-0.0019324980385135,True,40,False,CONVERGENCE: RELATIVE REDUCTION OF F <= FACTR*EPSMCH
cv,2.0,,Serial_stim_independent_switching,3204,-56805.8782928008,-3.3176947908941656e-05,True,33,False,CONVERGENCE: RELATIVE REDUCTION OF F <= FACTR*EPSMCH
cv,2.0,,Serial_stim_independent_switching,3205,-56805.878455661565,-0.0001960377121577,True,32,False,CONVERGENCE: RELATIVE REDUCTION OF F <= FACTR*EPSMCH
cv,2.0,,Serial_stim_independent_switching,3206,-56805.87825962385,0.0,True,35,True,CONVERGENCE: RELATIVE REDUCTION OF F <= FACTR*EPSMCH
cv,2.0,,Serial_stim_independent_switching,3207,-56805.87908150732,-0.0008218834700528,True,35,False,CONVERGENCE: RELATIVE REDUCTION OF F <= FACTR*EPSMCH
cv,2.0,,Serial_stim_independent_switching,3208,-56805.87914734323,-0.0008877193758962,True,37,False,CONVERGENCE: RELATIVE REDUCTION OF F <= FACTR*EPSMCH
cv,2.0,,Serial_stim_independent_switching,3209,-56805.87897891259,-0.0007192887351266,True,39,False,CONVERGENCE: RELATIVE REDUCTION OF F <= FACTR*EPSMCH
cv,2.0,,Serial_stim_independent_switching,3210,-56805.879940274535,-0.0016806506828288,True,26,False,CONVERGENCE: RELATIVE REDUCTION OF F <= FACTR*EPSMCH
cv,2.0,,Serial_stim_independent_switching,3211,-56805.87861043336,-0.0003508095105644,True,37,False,CONVERGENCE: RELATIVE REDUCTION OF F <= FACTR*EPSMCH
cv,2.0,,Serial_stim_independent_switching,3212,-56805.87844696622,-0.0001873423680081,True,39,False,CONVERGENCE: RELATIVE REDUCTION OF F <= FACTR*EPSMCH
cv,2.0,,Serial_stim_independent_switching,3213,-56805.879607900446,-0.0013482765934895,True,40,False,CONVERGENCE: RELATIVE REDUCTION OF F <= FACTR*EPSMCH
cv,2.0,,Serial_stim_independent_switching,3214,-56805.87892299986,-0.0006633760058321,True,34,False,CONVERGENCE: RELATIVE REDUCTION OF F <= FACTR*EPSMCH
cv,2.0,,Serial_resp_independent_switching,3200,-56796.868754968935,-0.0011673203844111,True,41,False,CONVERGENCE: RELATIVE REDUCTION OF F <= FACTR*EPSMCH
cv,2.0,,Serial_resp_independent_switching,3201,-56796.867810229975,-0.0002225814241683,True,38,False,CONVERGENCE: RELATIVE REDUCTION OF F <= FACTR*EPSMCH
cv,2.0,,Serial_resp_independent_switching,3202,-56796.869357291056,-0.0017696425056783,True,36,False,CONVERGENCE: RELATIVE REDUCTION OF F <= FACTR*EPSMCH
cv,2.0,,Serial_resp_independent_switching,3203,-56796.86803421179,-0.0004465632373467,True,40,False,CONVERGENCE: RELATIVE REDUCTION OF F <= FACTR*EPSMCH
cv,2.0,,Serial_resp_independent_switching,3204,-56796.86791817273,-0.0003305241771158,True,35,False,CONVERGENCE: RELATIVE REDUCTION OF F <= FACTR*EPSMCH
cv,2.0,,Serial_resp_independent_switching,3205,-56796.86841825645,-0.0008306079034809,True,33,False,CONVERGENCE: RELATIVE REDUCTION OF F <= FACTR*EPSMCH
cv,2.0,,Serial_resp_independent_switching,3206,-56796.86840321924,-0.0008155706891557,True,45,False,CONVERGENCE: RELATIVE REDUCTION OF F <= FACTR*EPSMCH
cv,2.0,,Serial_resp_independent_switching,3207,-56796.86929730223,-0.001709653675789,True,33,False,CONVERGENCE: RELATIVE REDUCTION OF F <= FACTR*EPSMCH
cv,2.0,,Serial_resp_independent_switching,3208,-56796.87089330916,-0.0033056606043828,True,41,False,CONVERGENCE: RELATIVE REDUCTION OF F <= FACTR*EPSMCH
cv,2.0,,Serial_resp_independent_switching,3209,-56796.86807864117,-0.000490992621053,True,26,False,CONVERGENCE: RELATIVE REDUCTION OF F <= FACTR*EPSMCH
cv,2.0,,Serial_resp_independent_switching,3210,-56796.86984162821,-0.0022539796627825,True,35,False,CONVERGENCE: RELATIVE REDUCTION OF F <= FACTR*EPSMCH
cv,2.0,,Serial_resp_independent_switching,3211,-56796.86758764855,0.0,True,35,True,CONVERGENCE: RELATIVE REDUCTION OF F <= FACTR*EPSMCH
cv,2.0,,Serial_resp_independent_switching,3212,-56796.86793250256,-0.0003448540082899,True,45,False,CONVERGENCE: RELATIVE REDUCTION OF F <= FACTR*EPSMCH
cv,2.0,,Serial_resp_independent_switching,3213,-56796.870500149074,-0.002912500523962,True,38,False,CONVERGENCE: RELATIVE REDUCTION OF F <= FACTR*EPSMCH
cv,2.0,,Serial_resp_independent_switching,3214,-56796.86847306167,-0.0008854131228872,True,36,False,CONVERGENCE: RELATIVE REDUCTION OF F <= FACTR*EPSMCH
cv,2.0,,Serial_both_independent_switching,3200,-56794.68312858272,-0.0019804556504823,True,49,False,CONVERGENCE: RELATIVE REDUCTION OF F <= FACTR*EPSMCH
cv,2.0,,Serial_both_independent_switching,3201,-56794.68186761782,-0.0007194907520897,True,48,False,CONVERGENCE: RELATIVE REDUCTION OF F <= FACTR*EPSMCH
cv,2.0,,Serial_both_independent_switching,3202,-56794.68320279548,-0.0020546684099826,True,47,False,CONVERGENCE: RELATIVE REDUCTION OF F <= FACTR*EPSMCH
cv,2.0,,Serial_both_independent_switching,3203,-56794.68620803622,-0.0050599091482581,True,46,False,CONVERGENCE: RELATIVE REDUCTION OF F <= FACTR*EPSMCH
cv,2.0,,Serial_both_independent_switching,3204,-56794.68142539758,-0.000277270512015,True,34,False,CONVERGENCE: RELATIVE REDUCTION OF F <= FACTR*EPSMCH
cv,2.0,,Serial_both_independent_switching,3205,-56794.6910047076,-0.009856580523774,True,39,False,CONVERGENCE: RELATIVE REDUCTION OF F <= FACTR*EPSMCH
cv,2.0,,Serial_both_independent_switching,3206,-56794.68352983054,-0.0023817034671083,True,64,False,CONVERGENCE: RELATIVE REDUCTION OF F <= FACTR*EPSMCH
cv,2.0,,Serial_both_independent_switching,3207,-56794.68347998477,-0.0023318577004829,True,52,False,CONVERGENCE: RELATIVE REDUCTION OF F <= FACTR*EPSMCH
cv,2.0,,Serial_both_independent_switching,3208,-56794.68363859205,-0.0024904649762902,True,50,False,CONVERGENCE: RELATIVE REDUCTION OF F <= FACTR*EPSMCH
cv,2.0,,Serial_both_independent_switching,3209,-56794.68144659874,-0.0002984716702485,True,49,False,CONVERGENCE: RELATIVE REDUCTION OF F <= FACTR*EPSMCH
cv,2.0,,Serial_both_independent_switching,3210,-56794.68242695933,-0.0012788322637788,True,30,False,CONVERGENCE: RELATIVE REDUCTION OF F <= FACTR*EPSMCH
cv,2.0,,Serial_both_independent_switching,3211,-56794.68114812707,0.0,True,49,True,CONVERGENCE: RELATIVE REDUCTION OF F <= FACTR*EPSMCH
cv,2.0,,Serial_both_independent_switching,3212,-56794.68394504192,-0.002796914850478,True,60,False,CONVERGENCE: RELATIVE REDUCTION OF F <= FACTR*EPSMCH
cv,2.0,,Serial_both_independent_switching,3213,-56794.6828903898,-0.0017422627279302,True,48,False,CONVERGENCE: RELATIVE REDUCTION OF F <= FACTR*EPSMCH
cv,2.0,,Serial_both_independent_switching,3214,-56794.68128368755,-0.0001355604763375,True,49,False,CONVERGENCE: RELATIVE REDUCTION OF F <= FACTR*EPSMCH
cv,2.0,,Covariate_HMM,4200,-50934.80994523851,0.0,True,50,True,
cv,2.0,,Covariate_HMM,4201,-50935.01594438847,-0.2059991499627358,True,38,False,
cv,2.0,,Covariate_HMM,4202,-50934.831699430135,-0.0217541916281334,True,36,False,
cv,2.0,,Covariate_HMM,4203,-50934.84544855,-0.0355033114974503,True,45,False,
cv,2.0,,Covariate_HMM,4204,-50935.14824527393,-0.338300035422435,True,48,False,
cv,2.0,,Covariate_HMM,4205,-50935.06096330762,-0.2510180691097048,True,46,False,
cv,2.0,,Covariate_HMM,4206,-50935.05628209256,-0.2463368540484225,True,40,False,
cv,2.0,,Covariate_HMM,4207,-50935.11647783569,-0.3065325971838319,True,48,False,
cv,2.0,,Covariate_HMM,4208,-50935.03381142478,-0.2238661862720619,True,35,False,
cv,2.0,,Covariate_HMM,4209,-50934.99947475037,-0.1895295118665672,True,45,False,
cv,3.0,,HMM_static,1300,-52472.04590240893,-0.1093488285769126,True,37,False,
cv,3.0,,HMM_static,1301,-52471.9731423044,-0.0365887240477604,True,32,False,
cv,3.0,,HMM_static,1302,-52471.93655358035,0.0,True,33,True,
cv,3.0,,HMM_static,1303,-52471.950448872,-0.0138952916458947,True,32,False,
cv,3.0,,HMM_static,1304,-52472.08676364985,-0.1502100694997352,True,109,False,
cv,3.0,,HMM_static,1305,-52472.01630776137,-0.0797541810170514,True,31,False,
cv,3.0,,HMM_static,1306,-52471.95426014355,-0.0177065632015001,True,33,False,
cv,3.0,,HMM_static,1307,-52472.00379040303,-0.0672368226732942,True,33,False,
cv,3.0,,HMM_static,1308,-52471.96324373777,-0.0266901574213989,True,32,False,
cv,3.0,,HMM_static,1309,-52471.97147888652,-0.0349253061649506,True,31,False,
cv,3.0,,HMM_static,1310,-52471.95284700926,-0.0162934289110125,True,32,False,
cv,3.0,,HMM_static,1311,-52471.99617232848,-0.059618748127832,True,32,False,
cv,3.0,,HMM_static,1312,-52472.08691935149,-0.1503657711364212,True,88,False,
cv,3.0,,HMM_static,1313,-52471.94504275468,-0.0084891743244952,True,32,False,
cv,3.0,,HMM_static,1314,-52472.08681479146,-0.1502612111071357,True,94,False,
cv,3.0,,HMM_static,1315,-52471.94239190004,-0.0058383196883369,True,36,False,
cv,3.0,,HMM_static,1316,-52472.0101757118,-0.0736221314509748,True,35,False,
cv,3.0,,HMM_static,1317,-52471.98562397687,-0.0490703965188004,True,32,False,
cv,3.0,,HMM_static,1318,-52471.93678977387,-0.0002361935185035,True,34,False,
cv,3.0,,HMM_static,1319,-52471.97803957955,-0.0414859992015408,True,30,False,
cv,3.0,,HMM_static,1320,-52471.97990037844,-0.0433467980910791,True,35,False,
cv,3.0,,HMM_static,1321,-52471.97700775328,-0.0404541729294578,True,30,False,
cv,3.0,,HMM_static,1322,-52472.086941800975,-0.1503882206234266,True,96,False,
cv,3.0,,HMM_static,1323,-52471.95518729144,-0.018633711086295,True,31,False,
cv,3.0,,HMM_static,1324,-52471.964200516464,-0.0276469361124327,True,31,False,
cv,3.0,,Independent_switching,2300,-56016.26453211205,-0.0072125367005355,True,54,False,
cv,3.0,,Independent_switching,2301,-56016.26487929141,-0.0075597160539473,True,59,False,
cv,3.0,,Independent_switching,2302,-56016.3226536883,-0.0653341129509499,True,123,False,
cv,3.0,,Independent_switching,2303,-56016.26444268749,-0.0071231121401069,True,55,False,
cv,3.0,,Independent_switching,2304,-56016.322645990345,-0.06532641499507,True,122,False,
cv,3.0,,Independent_switching,2305,-56016.26349726765,-0.0061776923030265,True,53,False,
cv,3.0,,Independent_switching,2306,-56016.26396504382,-0.0066454684711061,True,58,False,
cv,3.0,,Independent_switching,2307,-56016.263521977045,-0.0062024016951909,True,57,False,
cv,3.0,,Independent_switching,2308,-56016.25731957535,0.0,True,46,True,
cv,3.0,,Independent_switching,2309,-56016.32265264156,-0.0653330662098596,True,124,False,
cv,3.0,,Independent_switching,2310,-56016.32265257345,-0.0653329980996204,True,126,False,
cv,3.0,,Independent_switching,2311,-56016.32264906544,-0.0653294900839682,True,118,False,
cv,3.0,,Independent_switching,2312,-56016.32265204644,-0.0653324710874585,True,119,False,
cv,3.0,,Independent_switching,2313,-56016.26465111402,-0.00733153866895,True,54,False,
cv,3.0,,Independent_switching,2314,-56016.32265251974,-0.0653329443885013,True,119,False,
cv,3.0,,Independent_switching,2315,-56016.32265373065,-0.0653341552970232,True,121,False,
cv,3.0,,Independent_switching,2316,-56016.32265439519,-0.0653348198393359,True,125,False,
cv,3.0,,Independent_switching,2317,-56016.26391770753,-0.0065981321822619,True,59,False,
cv,3.0,,Independent_switching,2318,-56016.322650844144,-0.0653312687936704,True,122,False,
cv,3.0,,Independent_switching,2319,-56016.32265327728,-0.0653337019321043,True,123,False,
cv,3.0,,Independent_switching,2320,-56016.32265146778,-0.0653318924305494,True,125,False,
cv,3.0,,Independent_switching,2321,-56016.322653678566,-0.0653341032157186,True,126,False,
cv,3.0,,Independent_switching,2322,-56016.26504116693,-0.0077215915734996,True,53,False,
cv,3.0,,Independent_switching,2323,-56016.32264674606,-0.0653271707124076,True,130,False,
cv,3.0,,Independent_switching,2324,-56016.3226518909,-0.0653323155493126,True,122,False,
cv,3.0,,Serial_stim_independent_switching,3300,-56015.8168871056,-0.0016669180331518,True,41,False,CONVERGENCE: RELATIVE REDUCTION OF F <= FACTR*EPSMCH
cv,3.0,,Serial_stim_independent_switching,3301,-56015.81752705564,-0.002306868074811,True,42,False,CONVERGENCE: RELATIVE REDUCTION OF F <= FACTR*EPSMCH
cv,3.0,,Serial_stim_independent_switching,3302,-56015.81525860672,-3.841915895463899e-05,True,45,False,CONVERGENCE: RELATIVE REDUCTION OF F <= FACTR*EPSMCH
cv,3.0,,Serial_stim_independent_switching,3303,-56015.81564406394,-0.0004238763795001,True,37,False,CONVERGENCE: RELATIVE REDUCTION OF F <= FACTR*EPSMCH
cv,3.0,,Serial_stim_independent_switching,3304,-56015.81623689545,-0.0010167078871745,True,40,False,CONVERGENCE: RELATIVE REDUCTION OF F <= FACTR*EPSMCH
cv,3.0,,Serial_stim_independent_switching,3305,-56015.81572294256,-0.0005027549923397,True,32,False,CONVERGENCE: RELATIVE REDUCTION OF F <= FACTR*EPSMCH
cv,3.0,,Serial_stim_independent_switching,3306,-56015.815983551336,-0.0007633637724211,True,35,False,CONVERGENCE: RELATIVE REDUCTION OF F <= FACTR*EPSMCH
cv,3.0,,Serial_stim_independent_switching,3307,-56015.81758635372,-0.0023661661543883,True,37,False,CONVERGENCE: RELATIVE REDUCTION OF F <= FACTR*EPSMCH
cv,3.0,,Serial_stim_independent_switching,3308,-56015.81536385781,-0.0001436702441424,True,38,False,CONVERGENCE: RELATIVE REDUCTION OF F <= FACTR*EPSMCH
cv,3.0,,Serial_stim_independent_switching,3309,-56015.815866130215,-0.0006459426513174,True,34,False,CONVERGENCE: RELATIVE REDUCTION OF F <= FACTR*EPSMCH
cv,3.0,,Serial_stim_independent_switching,3310,-56015.81587213662,-0.0006519490561913,True,42,False,CONVERGENCE: RELATIVE REDUCTION OF F <= FACTR*EPSMCH
cv,3.0,,Serial_stim_independent_switching,3311,-56015.81717181708,-0.0019516295142238,True,41,False,CONVERGENCE: RELATIVE REDUCTION OF F <= FACTR*EPSMCH
cv,3.0,,Serial_stim_independent_switching,3312,-56015.81530222324,-8.203567267628387e-05,True,32,False,CONVERGENCE: RELATIVE REDUCTION OF F <= FACTR*EPSMCH
cv,3.0,,Serial_stim_independent_switching,3313,-56015.81522018757,0.0,True,29,True,CONVERGENCE: RELATIVE REDUCTION OF F <= FACTR*EPSMCH
cv,3.0,,Serial_stim_independent_switching,3314,-56015.81643836894,-0.0012181813799543,True,36,False,CONVERGENCE: RELATIVE REDUCTION OF F <= FACTR*EPSMCH
cv,3.0,,Serial_resp_independent_switching,3300,-56006.72941681789,-0.0007102436065906,True,34,False,CONVERGENCE: RELATIVE REDUCTION OF F <= FACTR*EPSMCH
cv,3.0,,Serial_resp_independent_switching,3301,-56006.72887875393,-0.0001721796434139,True,41,False,CONVERGENCE: RELATIVE REDUCTION OF F <= FACTR*EPSMCH
cv,3.0,,Serial_resp_independent_switching,3302,-56006.73161132686,-0.0029047525749774,True,51,False,CONVERGENCE: RELATIVE REDUCTION OF F <= FACTR*EPSMCH
cv,3.0,,Serial_resp_independent_switching,3303,-56006.72891287745,-0.0002063031643046,True,26,False,CONVERGENCE: RELATIVE REDUCTION OF F <= FACTR*EPSMCH
cv,3.0,,Serial_resp_independent_switching,3304,-56006.729177509726,-0.0004709354398073,True,36,False,CONVERGENCE: RELATIVE REDUCTION OF F <= FACTR*EPSMCH
cv,3.0,,Serial_resp_independent_switching,3305,-56006.72947784674,-0.0007712724545854,True,34,False,CONVERGENCE: RELATIVE REDUCTION OF F <= FACTR*EPSMCH
cv,3.0,,Serial_resp_independent_switching,3306,-56006.72907620082,-0.0003696265339385,True,40,False,CONVERGENCE: RELATIVE REDUCTION OF F <= FACTR*EPSMCH
cv,3.0,,Serial_resp_independent_switching,3307,-56006.72873867552,-3.210123395547271e-05,True,46,False,CONVERGENCE: RELATIVE REDUCTION OF F <= FACTR*EPSMCH
cv,3.0,,Serial_resp_independent_switching,3308,-56006.728706574286,0.0,True,37,True,CONVERGENCE: RELATIVE REDUCTION OF F <= FACTR*EPSMCH
cv,3.0,,Serial_resp_independent_switching,3309,-56006.72907703783,-0.0003704635455505,True,43,False,CONVERGENCE: RELATIVE REDUCTION OF F <= FACTR*EPSMCH
cv,3.0,,Serial_resp_independent_switching,3310,-56006.72959748181,-0.0008909075258998,True,40,False,CONVERGENCE: RELATIVE REDUCTION OF F <= FACTR*EPSMCH
cv,3.0,,Serial_resp_independent_switching,3311,-56006.72925547026,-0.0005488959723152,True,30,False,CONVERGENCE: RELATIVE REDUCTION OF F <= FACTR*EPSMCH
cv,3.0,,Serial_resp_independent_switching,3312,-56006.72950916574,-0.0008025914576137,True,44,False,CONVERGENCE: RELATIVE REDUCTION OF F <= FACTR*EPSMCH
cv,3.0,,Serial_resp_independent_switching,3313,-56006.72888331814,-0.0001767438516253,True,43,False,CONVERGENCE: RELATIVE REDUCTION OF F <= FACTR*EPSMCH
cv,3.0,,Serial_resp_independent_switching,3314,-56006.72945985242,-0.0007532781382906,True,44,False,CONVERGENCE: RELATIVE REDUCTION OF F <= FACTR*EPSMCH
cv,3.0,,Serial_both_independent_switching,3300,-56004.70996765656,-0.0004079845457454,True,49,False,CONVERGENCE: RELATIVE REDUCTION OF F <= FACTR*EPSMCH
cv,3.0,,Serial_both_independent_switching,3301,-56004.71081901809,-0.0012593460778589,True,49,False,CONVERGENCE: RELATIVE REDUCTION OF F <= FACTR*EPSMCH
cv,3.0,,Serial_both_independent_switching,3302,-56004.71039288216,-0.0008332101497217,True,51,False,CONVERGENCE: RELATIVE REDUCTION OF F <= FACTR*EPSMCH
cv,3.0,,Serial_both_independent_switching,3303,-56004.71171522061,-0.0021555486018769,True,45,False,CONVERGENCE: RELATIVE REDUCTION OF F <= FACTR*EPSMCH
cv,3.0,,Serial_both_independent_switching,3304,-56004.70955967201,0.0,True,57,True,CONVERGENCE: RELATIVE REDUCTION OF F <= FACTR*EPSMCH
cv,3.0,,Serial_both_independent_switching,3305,-56004.71427271512,-0.0047130431121331,True,52,False,CONVERGENCE: RELATIVE REDUCTION OF F <= FACTR*EPSMCH
cv,3.0,,Serial_both_independent_switching,3306,-56004.712291069474,-0.0027313974642311,True,49,False,CONVERGENCE: RELATIVE REDUCTION OF F <= FACTR*EPSMCH
cv,3.0,,Serial_both_independent_switching,3307,-56004.70966867778,-0.0001090057703549,True,64,False,CONVERGENCE: RELATIVE REDUCTION OF F <= FACTR*EPSMCH
cv,3.0,,Serial_both_independent_switching,3308,-56004.71219444851,-0.0026347765015088,True,47,False,CONVERGENCE: RELATIVE REDUCTION OF F <= FACTR*EPSMCH
cv,3.0,,Serial_both_independent_switching,3309,-56004.71065920371,-0.0010995316988555,True,48,False,CONVERGENCE: RELATIVE REDUCTION OF F <= FACTR*EPSMCH
cv,3.0,,Serial_both_independent_switching,3310,-56004.71062814533,-0.0010684733206289,True,38,False,CONVERGENCE: RELATIVE REDUCTION OF F <= FACTR*EPSMCH
cv,3.0,,Serial_both_independent_switching,3311,-56004.71168072888,-0.0021210568738752,True,47,False,CONVERGENCE: RELATIVE REDUCTION OF F <= FACTR*EPSMCH
cv,3.0,,Serial_both_independent_switching,3312,-56004.71128786401,-0.0017281920008827,True,54,False,CONVERGENCE: RELATIVE REDUCTION OF F <= FACTR*EPSMCH
cv,3.0,,Serial_both_independent_switching,3313,-56004.71032598359,-0.0007663115829927,True,49,False,CONVERGENCE: RELATIVE REDUCTION OF F <= FACTR*EPSMCH
cv,3.0,,Serial_both_independent_switching,3314,-56004.7097393025,-0.0001796304932213,True,50,False,CONVERGENCE: RELATIVE REDUCTION OF F <= FACTR*EPSMCH
cv,3.0,,Covariate_HMM,4300,-50400.79571224538,-0.0538896168436622,True,43,False,
cv,3.0,,Covariate_HMM,4301,-50400.81341975919,-0.0715971306490246,True,40,False,
cv,3.0,,Covariate_HMM,4302,-50400.74182262854,0.0,True,38,True,
cv,3.0,,Covariate_HMM,4303,-50400.89436645211,-0.1525438235694309,True,42,False,
cv,3.0,,Covariate_HMM,4304,-50400.82094843268,-0.0791258041426772,True,32,False,
cv,3.0,,Covariate_HMM,4305,-50400.814183448325,-0.0723608197877183,True,46,False,
cv,3.0,,Covariate_HMM,4306,-50400.81201479293,-0.0701921643922105,True,40,False,
cv,3.0,,Covariate_HMM,4307,-50400.85393097122,-0.1121083426842233,True,46,False,
cv,3.0,,Covariate_HMM,4308,-50400.833129829625,-0.0913072010880569,True,48,False,
cv,3.0,,Covariate_HMM,4309,-50400.84761906575,-0.1057964372084825,True,39,False,
cv,4.0,,HMM_static,1400,-52028.8835861475,-0.0114026912706322,True,31,False,
cv,4.0,,HMM_static,1401,-52028.90650345273,-0.0343199964991072,True,30,False,
cv,4.0,,HMM_static,1402,-52028.976780525045,-0.1045970688137458,True,29,False,
cv,4.0,,HMM_static,1403,-52028.90578082957,-0.0335973733381251,True,31,False,
cv,4.0,,HMM_static,1404,-52028.992138101385,-0.1199546451534843,True,113,False,
cv,4.0,,HMM_static,1405,-52028.99225461455,-0.1200711583151132,True,96,False,
cv,4.0,,HMM_static,1406,-52028.928773693166,-0.0565902369344257,True,36,False,
cv,4.0,,HMM_static,1407,-52028.87623805422,-0.0040545979863964,True,30,False,
cv,4.0,,HMM_static,1408,-52028.87575268311,-0.0035692268793354,True,30,False,
cv,4.0,,HMM_static,1409,-52028.99222497485,-0.1200415186176542,True,92,False,
cv,4.0,,HMM_static,1410,-52028.90338164743,-0.0311981911945622,True,30,False,
cv,4.0,,HMM_static,1411,-52028.90128038676,-0.0290969305278849,True,28,False,
cv,4.0,,HMM_static,1412,-52028.994201747606,-0.1220182913748431,True,31,False,
cv,4.0,,HMM_static,1413,-52028.99241776605,-0.1202343098193523,True,75,False,
cv,4.0,,HMM_static,1414,-52028.87858628538,-0.0064028291526483,True,30,False,
cv,4.0,,HMM_static,1415,-52028.89515654866,-0.0229730924256728,True,33,False,
cv,4.0,,HMM_static,1416,-52028.87218345623,0.0,True,30,True,
cv,4.0,,HMM_static,1417,-52028.99218553441,-0.120002078176185,True,102,False,
cv,4.0,,HMM_static,1418,-52028.99449619883,-0.1223127425982966,True,55,False,
cv,4.0,,HMM_static,1419,-52028.9080508416,-0.0358673853697837,True,31,False,
cv,4.0,,HMM_static,1420,-52028.876626538695,-0.0044430824636947,True,32,False,
cv,4.0,,HMM_static,1421,-52028.88155769258,-0.0093742363460478,True,30,False,
cv,4.0,,HMM_static,1422,-52028.89541748497,-0.0232340287402621,True,33,False,
cv,4.0,,HMM_static,1423,-52028.94228396413,-0.0701005079026799,True,30,False,
cv,4.0,,HMM_static,1424,-52028.89527965275,-0.0230961965207825,True,31,False,
cv,4.0,,Independent_switching,2400,-55383.90448290187,-0.0324309918869403,True,118,False,
cv,4.0,,Independent_switching,2401,-55383.872416449456,-0.000364539475413,True,60,False,
cv,4.0,,Independent_switching,2402,-55383.87339448419,-0.0013425742072286,True,61,False,
cv,4.0,,Independent_switching,2403,-55383.87326502999,-0.0012131200055591,True,60,False,
cv,4.0,,Independent_switching,2404,-55383.90448415255,-0.0324322425658465,True,112,False,
cv,4.0,,Independent_switching,2405,-55383.87296291485,-0.0009110048704314,True,59,False,
cv,4.0,,Independent_switching,2406,-55383.87236062687,-0.0003087168879574,True,57,False,
cv,4.0,,Independent_switching,2407,-55383.87330517631,-0.0012532663313322,True,60,False,
cv,4.0,,Independent_switching,2408,-55383.90448395544,-0.0324320454601547,True,123,False,
cv,4.0,,Independent_switching,2409,-55383.87344099729,-0.0013890873087802,True,57,False,
cv,4.0,,Independent_switching,2410,-55383.87270243215,-0.0006505221681436,True,54,False,
cv,4.0,,Independent_switching,2411,-55383.90447878174,-0.0324268717595259,True,112,False,
cv,4.0,,Independent_switching,2412,-55383.87334489154,-0.0012929815566167,True,65,False,
cv,4.0,,Independent_switching,2413,-55383.87405464896,-0.0020027389764436,True,62,False,
cv,4.0,,Independent_switching,2414,-55383.87205190998,0.0,True,56,True,
cv,4.0,,Independent_switching,2415,-55383.87332416831,-0.0012722583269351,True,57,False,
cv,4.0,,Independent_switching,2416,-55383.9044844766,-0.0324325666224467,True,119,False,
cv,4.0,,Independent_switching,2417,-55383.90448042547,-0.0324285154929384,True,109,False,
cv,4.0,,Independent_switching,2418,-55383.87324299729,-0.0011910873072338,True,57,False,
cv,4.0,,Independent_switching,2419,-55383.90448378067,-0.0324318706916528,True,119,False,
cv,4.0,,Independent_switching,2420,-55383.87332604777,-0.0012741377868223,True,57,False,
cv,4.0,,Independent_switching,2421,-55383.873752123705,-0.001700213724689,True,60,False,
cv,4.0,,Independent_switching,2422,-55383.87342171339,-0.0013698034090339,True,59,False,
cv,4.0,,Independent_switching,2423,-55383.87361599921,-0.0015640892306691,True,59,False,
cv,4.0,,Independent_switching,2424,-55383.90448211228,-0.03243020230002,True,115,False,
cv,4.0,,Serial_stim_independent_switching,3400,-55383.322578979765,-0.0005178947321837,True,30,False,CONVERGENCE: RELATIVE REDUCTION OF F <= FACTR*EPSMCH
cv,4.0,,Serial_stim_independent_switching,3401,-55383.323011004686,-0.0009499196530668,True,40,False,CONVERGENCE: RELATIVE REDUCTION OF F <= FACTR*EPSMCH
cv,4.0,,Serial_stim_independent_switching,3402,-55383.32206108503,0.0,True,38,True,CONVERGENCE: RELATIVE REDUCTION OF F <= FACTR*EPSMCH
cv,4.0,,Serial_stim_independent_switching,3403,-55383.322415788745,-0.0003547037122189,True,35,False,CONVERGENCE: RELATIVE REDUCTION OF F <= FACTR*EPSMCH
cv,4.0,,Serial_stim_independent_switching,3404,-55383.32248902087,-0.0004279358327039,True,47,False,CONVERGENCE: RELATIVE REDUCTION OF F <= FACTR*EPSMCH
cv,4.0,,Serial_stim_independent_switching,3405,-55383.323004979786,-0.0009438947527087,True,44,False,CONVERGENCE: RELATIVE REDUCTION OF F <= FACTR*EPSMCH
cv,4.0,,Serial_stim_independent_switching,3406,-55383.32289949023,-0.0008384051980101,True,45,False,CONVERGENCE: RELATIVE REDUCTION OF F <= FACTR*EPSMCH
cv,4.0,,Serial_stim_independent_switching,3407,-55383.32308386514,-0.001022780110361,True,32,False,CONVERGENCE: RELATIVE REDUCTION OF F <= FACTR*EPSMCH
cv,4.0,,Serial_stim_independent_switching,3408,-55383.32208492919,-2.384415711276233e-05,True,33,False,CONVERGENCE: RELATIVE REDUCTION OF F <= FACTR*EPSMCH
cv,4.0,,Serial_stim_independent_switching,3409,-55383.32300952199,-0.0009484369584242,True,37,False,CONVERGENCE: RELATIVE REDUCTION OF F <= FACTR*EPSMCH
cv,4.0,,Serial_stim_independent_switching,3410,-55383.32354170475,-0.0014806197141297,True,28,False,CONVERGENCE: RELATIVE REDUCTION OF F <= FACTR*EPSMCH
cv,4.0,,Serial_stim_independent_switching,3411,-55383.322093334544,-3.224951069569215e-05,True,23,False,CONVERGENCE: RELATIVE REDUCTION OF F <= FACTR*EPSMCH
cv,4.0,,Serial_stim_independent_switching,3412,-55383.32220768722,-0.0001466021858504,True,46,False,CONVERGENCE: RELATIVE REDUCTION OF F <= FACTR*EPSMCH
cv,4.0,,Serial_stim_independent_switching,3413,-55383.32392952655,-0.0018684415190364,True,49,False,CONVERGENCE: RELATIVE REDUCTION OF F <= FACTR*EPSMCH
cv,4.0,,Serial_stim_independent_switching,3414,-55383.32279865976,-0.0007375747300102,True,46,False,CONVERGENCE: RELATIVE REDUCTION OF F <= FACTR*EPSMCH
cv,4.0,,Serial_resp_independent_switching,3400,-55373.13114849789,-0.0009111537510761,True,31,False,CONVERGENCE: RELATIVE REDUCTION OF F <= FACTR*EPSMCH
cv,4.0,,Serial_resp_independent_switching,3401,-55373.13106743071,-0.000830086566566,True,51,False,CONVERGENCE: RELATIVE REDUCTION OF F <= FACTR*EPSMCH
cv,4.0,,Serial_resp_independent_switching,3402,-55373.13492064054,-0.0046832963998895,True,43,False,CONVERGENCE: RELATIVE REDUCTION OF F <= FACTR*EPSMCH
cv,4.0,,Serial_resp_independent_switching,3403,-55373.13134899158,-0.0011116474342998,True,40,False,CONVERGENCE: RELATIVE REDUCTION OF F <= FACTR*EPSMCH
cv,4.0,,Serial_resp_independent_switching,3404,-55373.13032728752,-8.9943379862234e-05,True,44,False,CONVERGENCE: RELATIVE REDUCTION OF F <= FACTR*EPSMCH
cv,4.0,,Serial_resp_independent_switching,3405,-55373.13257408522,-0.002336741075851,True,45,False,CONVERGENCE: RELATIVE REDUCTION OF F <= FACTR*EPSMCH
cv,4.0,,Serial_resp_independent_switching,3406,-55373.13143737345,-0.0012000293063465,True,45,False,CONVERGENCE: RELATIVE REDUCTION OF F <= FACTR*EPSMCH
cv,4.0,,Serial_resp_independent_switching,3407,-55373.13038629809,-0.0001489539499743,True,46,False,CONVERGENCE: RELATIVE REDUCTION OF F <= FACTR*EPSMCH
cv,4.0,,Serial_resp_independent_switching,3408,-55373.13088615624,-0.0006488120925496,True,44,False,CONVERGENCE: RELATIVE REDUCTION OF F <= FACTR*EPSMCH
cv,4.0,,Serial_resp_independent_switching,3409,-55373.13097331206,-0.0007359679148066,True,35,False,CONVERGENCE: RELATIVE REDUCTION OF F <= FACTR*EPSMCH
cv,4.0,,Serial_resp_independent_switching,3410,-55373.13023734414,0.0,True,43,True,CONVERGENCE: RELATIVE REDUCTION OF F <= FACTR*EPSMCH
cv,4.0,,Serial_resp_independent_switching,3411,-55373.13070173077,-0.0004643866268452,True,37,False,CONVERGENCE: RELATIVE REDUCTION OF F <= FACTR*EPSMCH
cv,4.0,,Serial_resp_independent_switching,3412,-55373.130556478034,-0.0003191338910255,True,46,False,CONVERGENCE: RELATIVE REDUCTION OF F <= FACTR*EPSMCH
cv,4.0,,Serial_resp_independent_switching,3413,-55373.13028438776,-4.704362072516233e-05,True,40,False,CONVERGENCE: RELATIVE REDUCTION OF F <= FACTR*EPSMCH
cv,4.0,,Serial_resp_independent_switching,3414,-55373.13123184811,-0.0009945039637386,True,24,False,CONVERGENCE: RELATIVE REDUCTION OF F <= FACTR*EPSMCH
cv,4.0,,Serial_both_independent_switching,3400,-55367.06590322217,-0.0014531009001075,True,50,False,CONVERGENCE: RELATIVE REDUCTION OF F <= FACTR*EPSMCH
cv,4.0,,Serial_both_independent_switching,3401,-55367.06591456573,-0.001464444459998,True,48,False,CONVERGENCE: RELATIVE REDUCTION OF F <= FACTR*EPSMCH
cv,4.0,,Serial_both_independent_switching,3402,-55367.065645742165,-0.0011956208982155,True,53,False,CONVERGENCE: RELATIVE REDUCTION OF F <= FACTR*EPSMCH
cv,4.0,,Serial_both_independent_switching,3403,-55367.06456364264,-0.0001135213678935,True,58,False,CONVERGENCE: RELATIVE REDUCTION OF F <= FACTR*EPSMCH
cv,4.0,,Serial_both_independent_switching,3404,-55367.06465251795,-0.0002023966808337,True,58,False,CONVERGENCE: RELATIVE REDUCTION OF F <= FACTR*EPSMCH
cv,4.0,,Serial_both_independent_switching,3405,-55367.066271739066,-0.0018216177995782,True,59,False,CONVERGENCE: RELATIVE REDUCTION OF F <= FACTR*EPSMCH
cv,4.0,,Serial_both_independent_switching,3406,-55367.06470931359,-0.0002591923257568,True,54,False,CONVERGENCE: RELATIVE REDUCTION OF F <= FACTR*EPSMCH
cv,4.0,,Serial_both_independent_switching,3407,-55367.06445012127,0.0,True,54,True,CONVERGENCE: RELATIVE REDUCTION OF F <= FACTR*EPSMCH
cv,4.0,,Serial_both_independent_switching,3408,-55367.07042767661,-0.0059775553454528,True,55,False,CONVERGENCE: RELATIVE REDUCTION OF F <= FACTR*EPSMCH
cv,4.0,,Serial_both_independent_switching,3409,-55367.06525483968,-0.0008047184091992,True,54,False,CONVERGENCE: RELATIVE REDUCTION OF F <= FACTR*EPSMCH
cv,4.0,,Serial_both_independent_switching,3410,-55367.0695375316,-0.005087410332635,True,53,False,CONVERGENCE: RELATIVE REDUCTION OF F <= FACTR*EPSMCH
cv,4.0,,Serial_both_independent_switching,3411,-55367.06521093597,-0.0007608147061546,True,58,False,CONVERGENCE: RELATIVE REDUCTION OF F <= FACTR*EPSMCH
cv,4.0,,Serial_both_independent_switching,3412,-55367.06839258394,-0.0039424626738764,True,46,False,CONVERGENCE: RELATIVE REDUCTION OF F <= FACTR*EPSMCH
cv,4.0,,Serial_both_independent_switching,3413,-55367.06555417275,-0.0011040514800697,True,59,False,CONVERGENCE: RELATIVE REDUCTION OF F <= FACTR*EPSMCH
cv,4.0,,Serial_both_independent_switching,3414,-55367.06460147879,-0.0001513575261924,True,41,False,CONVERGENCE: RELATIVE REDUCTION OF F <= FACTR*EPSMCH
cv,4.0,,Covariate_HMM,4400,-50119.32783872968,-0.0205701041486463,True,49,False,
cv,4.0,,Covariate_HMM,4401,-50119.408964547976,-0.1016959224434685,True,49,False,
cv,4.0,,Covariate_HMM,4402,-50119.38017388477,-0.0729052592359948,True,44,False,
cv,4.0,,Covariate_HMM,4403,-50119.30726862553,0.0,True,48,True,
cv,4.0,,Covariate_HMM,4404,-50119.55280505197,-0.2455364264314994,True,44,False,
cv,4.0,,Covariate_HMM,4405,-50119.30989191715,-0.0026232916206936,True,45,False,
cv,4.0,,Covariate_HMM,4406,-50119.33911817229,-0.0318495467581669,True,46,False,
cv,4.0,,Covariate_HMM,4407,-50119.37367613554,-0.0664075100066838,True,48,False,
cv,4.0,,Covariate_HMM,4408,-50119.385806640064,-0.0785380145316594,True,45,False,
cv,4.0,,Covariate_HMM,4409,-50119.42436953246,-0.1171009069294086,True,47,False,
final,,,HMM_static,9000,-70104.57938372919,-0.0545693287567701,True,29,False,
final,,,HMM_static,9001,-70104.56605322362,-0.0412388231925433,True,30,False,
final,,,HMM_static,9002,-70104.53893221325,-0.014117812825134,True,31,False,
final,,,HMM_static,9003,-70104.69197853301,-0.1671641325810924,True,100,False,
final,,,HMM_static,9004,-70104.54152137181,-0.0167069713788805,True,29,False,
final,,,HMM_static,9005,-70104.54815999143,-0.0233455910056363,True,31,False,
final,,,HMM_static,9006,-70104.69204286126,-0.1672284608357586,True,102,False,
final,,,HMM_static,9007,-70104.69204444262,-0.1672300421923864,True,106,False,
final,,,HMM_static,9008,-70104.69204721761,-0.1672328171844128,True,98,False,
final,,,HMM_static,9009,-70104.69203289451,-0.1672184940834995,True,110,False,
final,,,HMM_static,9010,-70104.69202211744,-0.1672077170078409,True,107,False,
final,,,HMM_static,9011,-70104.55794375906,-0.0331293586350511,True,30,False,
final,,,HMM_static,9012,-70104.54738484065,-0.022570440225536,True,33,False,
final,,,HMM_static,9013,-70104.59030586095,-0.0654914605256635,True,36,False,
final,,,HMM_static,9014,-70104.6183822551,-0.0935678546666167,True,30,False,
final,,,HMM_static,9015,-70104.52983738628,-0.0050229858461534,True,31,False,
final,,,HMM_static,9016,-70104.69204358908,-0.1672291886497987,True,106,False,
final,,,HMM_static,9017,-70104.69202127811,-0.1672068776824744,True,107,False,
final,,,HMM_static,9018,-70104.57767468055,-0.0528602801205124,True,36,False,
final,,,HMM_static,9019,-70104.69201612228,-0.1672017218515975,True,102,False,
final,,,HMM_static,9020,-70104.55877351687,-0.0339591164374724,True,30,False,
final,,,HMM_static,9021,-70104.57895312388,-0.054138723455253,True,29,False,
final,,,HMM_static,9022,-70104.52481440043,0.0,True,30,True,
final,,,HMM_static,9023,-70104.5767320125,-0.0519176120724296,True,33,False,
final,,,HMM_static,9024,-70104.53908621987,-0.0142718194401822,True,31,False,
final,,,Independent_switching,10000,-75046.49398919553,-1.5434952250798233,True,206,False,
final,,,Independent_switching,10001,-75046.49398564728,-1.5434916768281255,True,211,False,
final,,,Independent_switching,10002,-75046.49398444493,-1.5434904744761295,True,217,False,
final,,,Independent_switching,10003,-75046.49398903495,-1.5434950644994387,True,218,False,
final,,,Independent_switching,10004,-75046.49398277745,-1.5434888070012676,True,209,False,
final,,,Independent_switching,10005,-75046.49398212161,-1.543488151161,True,210,False,
final,,,Independent_switching,10006,-75044.95097064611,-0.0004766756610479,True,64,False,
final,,,Independent_switching,10007,-75046.49398100856,-1.543487038114108,True,218,False,
final,,,Independent_switching,10008,-75046.49398412599,-1.5434901555418037,True,215,False,
final,,,Independent_switching,10009,-75046.4939842477,-1.5434902772540229,True,211,False,
final,,,Independent_switching,10010,-75046.49398337948,-1.5434894090285525,True,220,False,
final,,,Independent_switching,10011,-75046.49398402317,-1.543490052717971,True,207,False,
final,,,Independent_switching,10012,-75044.9510020471,-0.0005080766568426,True,71,False,
final,,,Independent_switching,10013,-75046.49398385399,-1.5434898835374042,True,216,False,
final,,,Independent_switching,10014,-75046.49398354087,-1.5434895704238445,True,215,False,
final,,,Independent_switching,10015,-75046.49398540825,-1.543491437798366,True,214,False,
final,,,Independent_switching,10016,-75046.49398901104,-1.543495040590642,True,214,False,
final,,,Independent_switching,10017,-75046.49398885711,-1.5434948866604827,True,214,False,
final,,,Independent_switching,10018,-75044.95049397045,0.0,True,66,True,
final,,,Independent_switching,10019,-75046.49398318432,-1.5434892138728171,True,197,False,
final,,,Independent_switching,10020,-75046.49398153613,-1.5434875656792428,True,214,False,
final,,,Independent_switching,10021,-75046.49398466293,-1.5434906924783718,True,211,False,
final,,,Independent_switching,10022,-75046.49398988983,-1.5434959193808029,True,214,False,
final,,,Independent_switching,10023,-75046.49398199418,-1.5434880237298785,True,212,False,
final,,,Independent_switching,10024,-75046.49398132197,-1.5434873515187064,True,212,False,
final,,,Serial_stim_independent_switching,11000,-75044.44481697584,-0.0005481914849951,True,44,False,CONVERGENCE: RELATIVE REDUCTION OF F <= FACTR*EPSMCH
final,,,Serial_stim_independent_switching,11001,-75044.44434561717,-7.683281728532165e-05,True,31,False,CONVERGENCE: RELATIVE REDUCTION OF F <= FACTR*EPSMCH
final,,,Serial_stim_independent_switching,11002,-75044.44469469899,-0.0004259146371623,True,36,False,CONVERGENCE: RELATIVE REDUCTION OF F <= FACTR*EPSMCH
final,,,Serial_stim_independent_switching,11003,-75044.44815345354,-0.0038846691895741,True,26,False,CONVERGENCE: RELATIVE REDUCTION OF F <= FACTR*EPSMCH
final,,,Serial_stim_independent_switching,11004,-75044.44525597952,-0.0009871951624518,True,45,False,CONVERGENCE: RELATIVE REDUCTION OF F <= FACTR*EPSMCH
final,,,Serial_stim_independent_switching,11005,-75044.44463862068,-0.0003698363289004,True,43,False,CONVERGENCE: RELATIVE REDUCTION OF F <= FACTR*EPSMCH
final,,,Serial_stim_independent_switching,11006,-75044.44508118532,-0.0008124009618768,True,37,False,CONVERGENCE: RELATIVE REDUCTION OF F <= FACTR*EPSMCH
final,,,Serial_stim_independent_switching,11007,-75044.4464207002,-0.0021519158472074,True,44,False,CONVERGENCE: RELATIVE REDUCTION OF F <= FACTR*EPSMCH
final,,,Serial_stim_independent_switching,11008,-75044.44455650751,-0.0002877231599995,True,46,False,CONVERGENCE: RELATIVE REDUCTION OF F <= FACTR*EPSMCH
final,,,Serial_stim_independent_switching,11009,-75044.44458947517,-0.0003206908149877,True,40,False,CONVERGENCE: RELATIVE REDUCTION OF F <= FACTR*EPSMCH
final,,,Serial_stim_independent_switching,11010,-75044.44427047274,-1.688385964371264e-06,True,37,False,CONVERGENCE: RELATIVE REDUCTION OF F <= FACTR*EPSMCH
final,,,Serial_stim_independent_switching,11011,-75044.44426878435,0.0,True,40,True,CONVERGENCE: RELATIVE REDUCTION OF F <= FACTR*EPSMCH
final,,,Serial_stim_independent_switching,11012,-75044.44636139767,-0.002092613314744,True,32,False,CONVERGENCE: RELATIVE REDUCTION OF F <= FACTR*EPSMCH
final,,,Serial_stim_independent_switching,11013,-75044.44517873104,-0.0009099466842599,True,42,False,CONVERGENCE: RELATIVE REDUCTION OF F <= FACTR*EPSMCH
final,,,Serial_stim_independent_switching,11014,-75044.44477118849,-0.0005024041311116,True,44,False,CONVERGENCE: RELATIVE REDUCTION OF F <= FACTR*EPSMCH
final,,,Serial_resp_independent_switching,11000,-75034.28059620364,-0.0001086241099983,True,44,False,CONVERGENCE: RELATIVE REDUCTION OF F <= FACTR*EPSMCH
final,,,Serial_resp_independent_switching,11001,-75034.28417534538,-0.0036877658567391,True,38,False,CONVERGENCE: RELATIVE REDUCTION OF F <= FACTR*EPSMCH
final,,,Serial_resp_independent_switching,11002,-75034.2842653228,-0.003777743273531,True,37,False,CONVERGENCE: RELATIVE REDUCTION OF F <= FACTR*EPSMCH
final,,,Serial_resp_independent_switching,11003,-75034.28218852758,-0.0017009480507113,True,36,False,CONVERGENCE: RELATIVE REDUCTION OF F <= FACTR*EPSMCH
final,,,Serial_resp_independent_switching,11004,-75034.28048877169,-1.1921656550839543e-06,True,45,False,CONVERGENCE: RELATIVE REDUCTION OF F <= FACTR*EPSMCH
final,,,Serial_resp_independent_switching,11005,-75034.28119791507,-0.000710335545591,True,44,False,CONVERGENCE: RELATIVE REDUCTION OF F <= FACTR*EPSMCH
final,,,Serial_resp_independent_switching,11006,-75034.28270776471,-0.0022201851825229,True,36,False,CONVERGENCE: RELATIVE REDUCTION OF F <= FACTR*EPSMCH
final,,,Serial_resp_independent_switching,11007,-75034.28128300156,-0.0007954220345709,True,36,False,CONVERGENCE: RELATIVE REDUCTION OF F <= FACTR*EPSMCH
final,,,Serial_resp_independent_switching,11008,-75034.28056657495,-7.899542106315494e-05,True,45,False,CONVERGENCE: RELATIVE REDUCTION OF F <= FACTR*EPSMCH
final,,,Serial_resp_independent_switching,11009,-75034.28063776631,-0.0001501867809565,True,45,False,CONVERGENCE: RELATIVE REDUCTION OF F <= FACTR*EPSMCH
final,,,Serial_resp_independent_switching,11010,-75034.2805356608,-4.808127414435148e-05,True,43,False,CONVERGENCE: RELATIVE REDUCTION OF F <= FACTR*EPSMCH
final,,,Serial_resp_independent_switching,11011,-75034.28048757953,0.0,True,38,True,CONVERGENCE: RELATIVE REDUCTION OF F <= FACTR*EPSMCH
final,,,Serial_resp_independent_switching,11012,-75034.28060553511,-0.0001179555838461,True,42,False,CONVERGENCE: RELATIVE REDUCTION OF F <= FACTR*EPSMCH
final,,,Serial_resp_independent_switching,11013,-75034.28082745521,-0.000339875681675,True,41,False,CONVERGENCE: RELATIVE REDUCTION OF F <= FACTR*EPSMCH
final,,,Serial_resp_independent_switching,11014,-75034.28099133704,-0.0005037575174355,True,30,False,CONVERGENCE: RELATIVE REDUCTION OF F <= FACTR*EPSMCH
final,,,Serial_both_independent_switching,11000,-75028.82923559479,-0.0008629662479506,True,59,False,CONVERGENCE: RELATIVE REDUCTION OF F <= FACTR*EPSMCH
final,,,Serial_both_independent_switching,11001,-75028.82908254833,-0.000709919782821,True,53,False,CONVERGENCE: RELATIVE REDUCTION OF F <= FACTR*EPSMCH
final,,,Serial_both_independent_switching,11002,-75028.82983850993,-0.0014658813888672,True,54,False,CONVERGENCE: RELATIVE REDUCTION OF F <= FACTR*EPSMCH
final,,,Serial_both_independent_switching,11003,-75028.82958269073,-0.0012100621825084,True,54,False,CONVERGENCE: RELATIVE REDUCTION OF F <= FACTR*EPSMCH
final,,,Serial_both_independent_switching,11004,-75028.83053896893,-0.0021663403895217,True,59,False,CONVERGENCE: RELATIVE REDUCTION OF F <= FACTR*EPSMCH
final,,,Serial_both_independent_switching,11005,-75028.82965606332,-0.0012834347726311,True,59,False,CONVERGENCE: RELATIVE REDUCTION OF F <= FACTR*EPSMCH
final,,,Serial_both_independent_switching,11006,-75028.83441452424,-0.0060418957000365,True,53,False,CONVERGENCE: RELATIVE REDUCTION OF F <= FACTR*EPSMCH
final,,,Serial_both_independent_switching,11007,-75028.82837262854,0.0,True,61,True,CONVERGENCE: RELATIVE REDUCTION OF F <= FACTR*EPSMCH
final,,,Serial_both_independent_switching,11008,-75028.82984711081,-0.0014744822692591,True,53,False,CONVERGENCE: RELATIVE REDUCTION OF F <= FACTR*EPSMCH
final,,,Serial_both_independent_switching,11009,-75028.82913945528,-0.0007668267353437,True,66,False,CONVERGENCE: RELATIVE REDUCTION OF F <= FACTR*EPSMCH
final,,,Serial_both_independent_switching,11010,-75028.82972306554,-0.0013504369999282,True,56,False,CONVERGENCE: RELATIVE REDUCTION OF F <= FACTR*EPSMCH
final,,,Serial_both_independent_switching,11011,-75028.8307494011,-0.0023767725506331,True,55,False,CONVERGENCE: RELATIVE REDUCTION OF F <= FACTR*EPSMCH
final,,,Serial_both_independent_switching,11012,-75028.82998744168,-0.0016148131398949,True,51,False,CONVERGENCE: RELATIVE REDUCTION OF F <= FACTR*EPSMCH
final,,,Serial_both_independent_switching,11013,-75028.83547493583,-0.0071023072814568,True,49,False,CONVERGENCE: RELATIVE REDUCTION OF F <= FACTR*EPSMCH
final,,,Serial_both_independent_switching,11014,-75028.83049055179,-0.002117923242622,True,56,False,CONVERGENCE: RELATIVE REDUCTION OF F <= FACTR*EPSMCH
final,,,Covariate_HMM,12000,-67559.95493567038,-0.0528776861028745,True,47,False,
final,,,Covariate_HMM,12001,-67560.04258204908,-0.1405240648018662,True,49,False,
final,,,Covariate_HMM,12002,-67559.91440341822,-0.0123454339482123,True,42,False,
final,,,Covariate_HMM,12003,-67559.90858227263,-0.0065242883574683,True,36,False,
final,,,Covariate_HMM,12004,-67559.9226208164,-0.0205628321273252,True,45,False,
final,,,Covariate_HMM,12005,-67559.90205798428,0.0,True,47,True,
final,,,Covariate_HMM,12006,-67560.01444943207,-0.1123914477939251,True,49,False,
final,,,Covariate_HMM,12007,-67559.96416315244,-0.0621051681664539,True,43,False,
final,,,Covariate_HMM,12008,-67560.02978588667,-0.1277279023925075,True,44,False,
final,,,Covariate_HMM,12009,-67559.93162046897,-0.0295624846912687,True,49,False,
subject,,1.0,HMM_static,7100,-3932.1160748214616,-0.0003236394704799,True,109,False,
subject,,1.0,HMM_static,7101,-3932.115874149336,-0.0001229673443958,True,108,False,
subject,,1.0,HMM_static,7102,-3932.115840626549,-8.944455748860491e-05,True,107,False,
subject,,1.0,HMM_static,7103,-3932.116063101832,-0.0003119198413514,True,105,False,
subject,,1.0,HMM_static,7104,-3932.116066833848,-0.0003156518564537,True,107,False,
subject,,1.0,HMM_static,7105,-3932.115955975954,-0.0002047939628937,True,107,False,
subject,,1.0,HMM_static,7106,-3932.115751181991,0.0,True,106,True,
subject,,1.0,HMM_static,7107,-3932.115991832638,-0.0002406506469014,True,107,False,
subject,,1.0,HMM_static,7108,-3932.115887566782,-0.0001363847909487,True,107,False,
subject,,1.0,HMM_static,7109,-3932.1160867528274,-0.0003355708363415,True,107,False,
subject,,1.0,HMM_static,7110,-3932.116011319109,-0.0002601371174932,True,105,False,
subject,,1.0,HMM_static,7111,-3932.115968570406,-0.0002173884149669,True,105,False,
subject,,1.0,HMM_static,7112,-3932.115756899956,-5.717964995710645e-06,True,107,False,
subject,,1.0,HMM_static,7113,-3932.115866200987,-0.0001150189959844,True,107,False,
subject,,1.0,HMM_static,7114,-3932.1161054495897,-0.0003542675985954,True,110,False,
subject,,1.0,HMM_static,7115,-3932.115880395844,-0.0001292138531425,True,108,False,
subject,,1.0,HMM_static,7116,-3932.115784080696,-3.289870528533356e-05,True,110,False,
subject,,1.0,HMM_static,7117,-3932.115825884691,-7.4702699748741e-05,True,107,False,
subject,,1.0,HMM_static,7118,-3932.116008866273,-0.0002576842821326,True,106,False,
subject,,1.0,HMM_static,7119,-3932.116066043171,-0.0003148611799588,True,106,False,
subject,,1.0,HMM_static,7120,-3932.11589685902,-0.0001456770287404,True,108,False,
subject,,1.0,HMM_static,7121,-3932.115807544092,-5.6362100622209255e-05,True,107,False,
subject,,1.0,HMM_static,7122,-3932.116042705844,-0.0002915238528657,True,109,False,
subject,,1.0,HMM_static,7123,-3932.115857411217,-0.0001062292262759,True,107,False,
subject,,1.0,HMM_static,7124,-3932.116033020681,-0.0002818386901708,True,105,False,
subject,,2.0,HMM_static,7200,-4410.716539822027,-7.41084031687933e-05,True,52,False,
subject,,2.0,HMM_static,7201,-4530.4273466898185,-119.71088097619486,True,79,False,
subject,,2.0,HMM_static,7202,-4410.716515141421,-4.9427797421230935e-05,True,51,False,
subject,,2.0,HMM_static,7203,-4530.427290368914,-119.71082465529072,True,78,False,
subject,,2.0,HMM_static,7204,-4410.716742768157,-0.0002770545333987,True,51,False,
subject,,2.0,HMM_static,7205,-4530.427640060956,-119.71117434733242,True,78,False,
subject,,2.0,HMM_static,7206,-4410.716583285623,-0.0001175719989987,True,51,False,
subject,,2.0,HMM_static,7207,-4410.71682081592,-0.0003551022964529,True,50,False,
subject,,2.0,HMM_static,7208,-4530.4272557054,-119.71078999177644,True,79,False,
subject,,2.0,HMM_static,7209,-4410.716618909647,-0.0001531960233478,True,56,False,
subject,,2.0,HMM_static,7210,-4530.4275709180565,-119.7111052044329,True,76,False,
subject,,2.0,HMM_static,7211,-4530.427695545479,-119.71122983185523,True,88,False,
subject,,2.0,HMM_static,7212,-4410.716465713624,0.0,True,51,True,
subject,,2.0,HMM_static,7213,-4530.427510028762,-119.71104431513868,True,76,False,
subject,,2.0,HMM_static,7214,-4530.427448652388,-119.71098293876456,True,85,False,
subject,,2.0,HMM_static,7215,-4530.427718557392,-119.7112528437683,True,82,False,
subject,,2.0,HMM_static,7216,-4530.427506103188,-119.711040389564,True,78,False,
subject,,2.0,HMM_static,7217,-4530.427224878748,-119.71075916512471,True,78,False,
subject,,2.0,HMM_static,7218,-4410.71659699574,-0.0001312821159444,True,50,False,
subject,,2.0,HMM_static,7219,-4410.716513265165,-4.7551541683787946e-05,True,54,False,
subject,,2.0,HMM_static,7220,-4530.427183638853,-119.7107179252298,True,76,False,
subject,,2.0,HMM_static,7221,-4410.716505900923,-4.018729941890342e-05,True,65,False,
subject,,2.0,HMM_static,7222,-4530.42740331479,-119.71093760116672,True,79,False,
subject,,2.0,HMM_static,7223,-4530.427602366437,-119.71113665281337,True,77,False,
subject,,2.0,HMM_static,7224,-4530.427494723582,-119.71102900995812,True,77,False,
subject,,3.0,HMM_static,7300,-4406.638323415601,-4.202524087304482e-05,True,70,False,
subject,,3.0,HMM_static,7301,-4406.638367247448,-8.585708746977616e-05,True,77,False,
subject,,3.0,HMM_static,7302,-4406.638431840856,-0.0001504504962213,True,56,False,
subject,,3.0,HMM_static,7303,-4406.638529014053,-0.0002476236932125,True,50,False,
subject,,3.0,HMM_static,7304,-4406.638492959895,-0.0002115695351676,True,53,False,
subject,,3.0,HMM_static,7305,-4406.638351360435,-6.997007494646823e-05,True,72,False,
subject,,3.0,HMM_static,7306,-4406.638297638241,-1.624788092158269e-05,True,83,False,
subject,,3.0,HMM_static,7307,-4406.638620766562,-0.0003393762017367,True,55,False,
subject,,3.0,HMM_static,7308,-4406.638374412925,-9.302256512455642e-05,True,65,False,
subject,,3.0,HMM_static,7309,-4406.638329219733,-4.782937321579084e-05,True,75,False,
subject,,3.0,HMM_static,7310,-4406.638350021227,-6.863086673547514e-05,True,65,False,
subject,,3.0,HMM_static,7311,-4406.638575979037,-0.0002945886772067,True,67,False,
subject,,3.0,HMM_static,7312,-4406.638492653763,-0.000211263402889,True,62,False,
subject,,3.0,HMM_static,7313,-4406.638286949642,-5.559281817113515e-06,True,78,False,
subject,,3.0,HMM_static,7314,-4406.638378481233,-9.70908731687814e-05,True,77,False,
subject,,3.0,HMM_static,7315,-4406.638479511718,-0.000198121358153,True,73,False,
subject,,3.0,HMM_static,7316,-4406.63828139036,0.0,True,73,True,
subject,,3.0,HMM_static,7317,-4406.638586901781,-0.0003055114211747,True,59,False,
subject,,3.0,HMM_static,7318,-4406.638603750888,-0.0003223605281164,True,63,False,
subject,,3.0,HMM_static,7319,-4406.63835704547,-7.565510986751178e-05,True,58,False,
subject,,3.0,HMM_static,7320,-4406.638565275865,-0.0002838855052686,True,54,False,
subject,,3.0,HMM_static,7321,-4406.638513375,-0.0002319846398677,True,69,False,
subject,,3.0,HMM_static,7322,-4406.638462248663,-0.0001808583028832,True,69,False,
subject,,3.0,HMM_static,7323,-4406.638354793859,-7.34034993001842e-05,True,71,False,
subject,,3.0,HMM_static,7324,-4406.638365920735,-8.453037480649073e-05,True,61,False,
subject,,4.0,HMM_static,7400,-3710.792289946408,-0.0011707101925821,True,44,False,
subject,,4.0,HMM_static,7401,-3710.7935282922426,-0.0024090560268632,True,45,False,
subject,,4.0,HMM_static,7402,-3710.79351931937,-0.0024000831540433,True,44,False,
subject,,4.0,HMM_static,7403,-3710.793011493713,-0.0018922574972748,True,43,False,
subject,,4.0,HMM_static,7404,-3710.79344229392,-0.0023230577044159,True,43,False,
subject,,4.0,HMM_static,7405,-3710.793216753237,-0.0020975170214114,True,44,False,
subject,,4.0,HMM_static,7406,-3710.792847353634,-0.0017281174182244,True,42,False,
subject,,4.0,HMM_static,7407,-3710.7935917120526,-0.0024724758368392,True,44,False,
subject,,4.0,HMM_static,7408,-3710.792832643301,-0.0017134070853899,True,40,False,
subject,,4.0,HMM_static,7409,-3710.793090707542,-0.0019714713262146,True,43,False,
subject,,4.0,HMM_static,7410,-3710.79332624296,-0.0022070067439017,True,44,False,
subject,,4.0,HMM_static,7411,-3710.793858361465,-0.0027391252488087,True,43,False,
subject,,4.0,HMM_static,7412,-3710.7939448525017,-0.0028256162859179,True,43,False,
subject,,4.0,HMM_static,7413,-3710.79330641149,-0.0021871752742299,True,43,False,
subject,,4.0,HMM_static,7414,-3710.7930880041927,-0.0019687679769049,True,45,False,
subject,,4.0,HMM_static,7415,-3710.793187142433,-0.0020679062172348,True,42,False,
subject,,4.0,HMM_static,7416,-3710.7931651555546,-0.0020459193387978,True,44,False,
subject,,4.0,HMM_static,7417,-3710.7933912811286,-0.0022720449128428,True,45,False,
subject,,4.0,HMM_static,7418,-3710.791119236216,0.0,True,42,True,
subject,,4.0,HMM_static,7419,-3710.7929640844272,-0.0018448482114763,True,44,False,
subject,,4.0,HMM_static,7420,-3710.7936971691984,-0.0025779329826036,True,44,False,
subject,,4.0,HMM_static,7421,-3710.7934637668423,-0.0023445306269422,True,42,False,
subject,,4.0,HMM_static,7422,-3710.793641094872,-0.0025218586565642,True,43,False,
subject,,4.0,HMM_static,7423,-3710.792675025105,-0.0015557888887087,True,45,False,
subject,,4.0,HMM_static,7424,-3710.7937045909935,-0.0025853547786027,True,43,False,
subject,,5.0,HMM_static,7500,-7395.607613472582,-0.0007302814556169,True,172,False,
subject,,5.0,HMM_static,7501,-7395.607941649055,-0.0010584579285932,True,172,False,
subject,,5.0,HMM_static,7502,-7398.623360950432,-3.0164777593063263,True,45,False,
subject,,5.0,HMM_static,7503,-7395.607613737202,-0.0007305460758288,True,177,False,
subject,,5.0,HMM_static,7504,-7395.60735033032,-0.0004671391943702,True,179,False,
subject,,5.0,HMM_static,7505,-7395.607434767972,-0.0005515768461918,True,171,False,
subject,,5.0,HMM_static,7506,-7395.607876292055,-0.0009931009290085,True,170,False,
subject,,5.0,HMM_static,7507,-7395.607414556243,-0.00053136511724,True,164,False,
subject,,5.0,HMM_static,7508,-7395.607363232417,-0.000480041290757,True,166,False,
subject,,5.0,HMM_static,7509,-7395.606883191126,0.0,True,176,True,
subject,,5.0,HMM_static,7510,-7395.607728712327,-0.0008455212009721,True,161,False,
subject,,5.0,HMM_static,7511,-7395.607554255761,-0.0006710646348437,True,176,False,
subject,,5.0,HMM_static,7512,-7398.642289258471,-3.0354060673453205,True,51,False,
subject,,5.0,HMM_static,7513,-7395.608019351165,-0.0011361600390955,True,168,False,
subject,,5.0,HMM_static,7514,-7395.607619316082,-0.0007361249563473,True,172,False,
subject,,5.0,HMM_static,7515,-7395.607459359207,-0.000576168081352,True,168,False,
subject,,5.0,HMM_static,7516,-7395.607470711879,-0.0005875207525605,True,177,False,
subject,,5.0,HMM_static,7517,-7395.607545313659,-0.0006621225329581,True,183,False,
subject,,5.0,HMM_static,7518,-7395.607511740428,-0.0006285493018367,True,165,False,
subject,,5.0,HMM_static,7519,-7395.60793803629,-0.0010548451637077,True,180,False,
subject,,5.0,HMM_static,7520,-7395.607009953299,-0.0001267621728402,True,173,False,
subject,,5.0,HMM_static,7521,-7395.607664582101,-0.0007813909751348,True,170,False,
subject,,5.0,HMM_static,7522,-7395.60759849189,-0.0007153007636588,True,175,False,
subject,,5.0,HMM_static,7523,-7395.607637480845,-0.0007542897192251,True,190,False,
subject,,5.0,HMM_static,7524,-7395.607499891325,-0.0006167001993162,True,163,False,
subject,,6.0,HMM_static,7600,-6867.390120092789,-0.0003589297393773,True,54,False,
subject,,6.0,HMM_static,7601,-6867.389867204999,-0.0001060419490386,True,56,False,
subject,,6.0,HMM_static,7602,-6867.389786509116,-2.5346065740450285e-05,True,54,False,
subject,,6.0,HMM_static,7603,-6867.389767843346,-6.68029588268837e-06,True,50,False,
subject,,6.0,HMM_static,7604,-6867.390136040305,-0.0003748772551261,True,57,False,
subject,,6.0,HMM_static,7605,-6867.390135475367,-0.0003743123170352,True,55,False,
subject,,6.0,HMM_static,7606,-6867.389820727201,-5.956415134278359e-05,True,54,False,
subject,,6.0,HMM_static,7607,-6867.3897800949735,-1.8931923477794044e-05,True,55,False,
subject,,6.0,HMM_static,7608,-6867.390103500047,-0.0003423369971642,True,54,False,
subject,,6.0,HMM_static,7609,-6867.390096717228,-0.0003355541775817,True,49,False,
subject,,6.0,HMM_static,7610,-6867.390109958011,-0.0003487949607006,True,48,False,
subject,,6.0,HMM_static,7611,-6867.389787619766,-2.645671611389844e-05,True,52,False,
subject,,6.0,HMM_static,7612,-6867.3902294166255,-0.0004682535754909,True,53,False,
subject,,6.0,HMM_static,7613,-6867.390218122624,-0.0004569595739667,True,53,False,
subject,,6.0,HMM_static,7614,-6867.38976116305,0.0,True,56,True,
subject,,6.0,HMM_static,7615,-6867.390230954415,-0.0004697913645941,True,54,False,
subject,,6.0,HMM_static,7616,-6867.390216364739,-0.0004552016889647,True,54,False,
subject,,6.0,HMM_static,7617,-6867.38984171818,-8.055512989812996e-05,True,59,False,
subject,,6.0,HMM_static,7618,-6867.390177975106,-0.000416812055846,True,57,False,
subject,,6.0,HMM_static,7619,-6867.389917377539,-0.0001562144889248,True,57,False,
subject,,6.0,HMM_static,7620,-6867.389817528688,-5.636563764710445e-05,True,60,False,
subject,,6.0,HMM_static,7621,-6867.390102982972,-0.0003418199221414,True,55,False,
subject,,6.0,HMM_static,7622,-6867.389963562359,-0.0002023993092734,True,59,False,
subject,,6.0,HMM_static,7623,-6867.3899131485305,-0.0001519854804428,True,52,False,
subject,,6.0,HMM_static,7624,-6867.389993406547,-0.0002322434966117,True,61,False,
subject,,7.0,HMM_static,7700,-3748.114601225129,-5.526262020794093e-05,True,48,False,
subject,,7.0,HMM_static,7701,-3748.11464325308,-9.729057092044968e-05,True,47,False,
subject,,7.0,HMM_static,7702,-3748.11456359327,-1.7630760794418165e-05,True,48,False,
subject,,7.0,HMM_static,7703,-3748.114748917634,-0.0002029551251325,True,47,False,
subject,,7.0,HMM_static,7704,-3748.114836791005,-0.0002908284955083,True,42,False,
subject,,7.0,HMM_static,7705,-3748.1147033625134,-0.0001574000043547,True,47,False,
subject,,7.0,HMM_static,7706,-3748.1147452001305,-0.000199237621473,True,46,False,
subject,,7.0,HMM_static,7707,-3748.1147203377072,-0.0001743751981848,True,44,False,
subject,,7.0,HMM_static,7708,-3748.1145815866944,-3.562418532965239e-05,True,47,False,
subject,,7.0,HMM_static,7709,-3748.114751839599,-0.0002058770896837,True,46,False,
subject,,7.0,HMM_static,7710,-3748.1145932792992,-4.731679018732393e-05,True,47,False,
subject,,7.0,HMM_static,7711,-3748.1146240669086,-7.810439956301707e-05,True,45,False,
subject,,7.0,HMM_static,7712,-3748.114577816984,-3.185447530995589e-05,True,48,False,
subject,,7.0,HMM_static,7713,-3748.114793786136,-0.0002478236265233,True,46,False,
subject,,7.0,HMM_static,7714,-3748.11472570413,-0.0001797416207409,True,45,False,
subject,,7.0,HMM_static,7715,-3748.114616288233,-7.032572375464952e-05,True,47,False,
subject,,7.0,HMM_static,7716,-3748.11461773162,-7.176911049100454e-05,True,48,False,
subject,,7.0,HMM_static,7717,-3748.1145884069,-4.244439060130389e-05,True,45,False,
subject,,7.0,HMM_static,7718,-3748.114764943208,-0.0002189806987189,True,44,False,
subject,,7.0,HMM_static,7719,-3748.1148484015575,-0.0003024390484824,True,45,False,
subject,,7.0,HMM_static,7720,-3748.1147058345473,-0.0001598720382389,True,47,False,
subject,,7.0,HMM_static,7721,-3748.1148496814976,-0.0003037189885617,True,45,False,
subject,,7.0,HMM_static,7722,-3748.114586134014,-4.017150513391243e-05,True,47,False,
subject,,7.0,HMM_static,7723,-3748.114545962509,0.0,True,47,True,
subject,,7.0,HMM_static,7724,-3748.1146556760673,-0.0001097135582313,True,46,False,
subject,,8.0,HMM_static,7800,-7107.955693401441,-0.0001963487093235,True,192,False,
subject,,8.0,HMM_static,7801,-7107.955766555353,-0.0002695026214496,True,166,False,
subject,,8.0,HMM_static,7802,-7107.955825435187,-0.0003283824553363,True,189,False,
subject,,8.0,HMM_static,7803,-7107.955962180517,-0.0004651277859011,True,149,False,
subject,,8.0,HMM_static,7804,-7107.956054480317,-0.0005574275855906,True,177,False,
subject,,8.0,HMM_static,7805,-7107.955621823145,-0.0001247704130946,True,175,False,
subject,,8.0,HMM_static,7806,-7107.955789498963,-0.0002924462314695,True,206,False,
subject,,8.0,HMM_static,7807,-7107.955748527101,-0.000251474369179,True,148,False,
subject,,8.0,HMM_static,7808,-7107.955645890477,-0.0001488377456553,True,153,False,
subject,,8.0,HMM_static,7809,-7107.95567369318,-0.0001766404484442,True,184,False,
subject,,8.0,HMM_static,7810,-7107.955967128546,-0.000470075814519,True,177,False,
subject,,8.0,HMM_static,7811,-7107.955530427008,-3.337427642691182e-05,True,161,False,
subject,,8.0,HMM_static,7812,-7107.9559196904975,-0.0004226377659506,True,160,False,
subject,,8.0,HMM_static,7813,-7107.955993897929,-0.000496845197631,True,217,False,
subject,,8.0,HMM_static,7814,-7107.955540387451,-4.333471952122636e-05,True,186,False,
subject,,8.0,HMM_static,7815,-7107.955967026208,-0.0004699734763562,True,176,False,
subject,,8.0,HMM_static,7816,-7107.955497052732,0.0,True,174,True,
subject,,8.0,HMM_static,7817,-7107.955730774615,-0.0002337218829779,True,169,False,
subject,,8.0,HMM_static,7818,-7107.955788686822,-0.0002916340908996,True,174,False,
subject,,8.0,HMM_static,7819,-7107.9561530572255,-0.000656004493976,True,181,False,
subject,,8.0,HMM_static,7820,-7107.955779039864,-0.000281987132439,True,216,False,
subject,,8.0,HMM_static,7821,-7107.955850688041,-0.0003536353096933,True,166,False,
subject,,8.0,HMM_static,7822,-7107.955876330283,-0.0003792775514739,True,160,False,
subject,,8.0,HMM_static,7823,-7107.955597789414,-0.0001007366827252,True,166,False,
subject,,8.0,HMM_static,7824,-7107.95602979146,-0.0005327387289071,True,162,False,
subject,,9.0,HMM_static,7900,-7422.562126941115,-0.0005567705375142,True,86,False,
subject,,9.0,HMM_static,7901,-7422.561879224272,-0.0003090536947638,True,87,False,
subject,,9.0,HMM_static,7902,-7422.561828654753,-0.0002584841759016,True,87,False,
subject,,9.0,HMM_static,7903,-7422.562115086959,-0.0005449163818411,True,87,False,
subject,,9.0,HMM_static,7904,-7422.561942988755,-0.0003728181773112,True,86,False,
subject,,9.0,HMM_static,7905,-7422.561675626283,-0.0001054557060342,True,91,False,
subject,,9.0,HMM_static,7906,-7422.561875896768,-0.0003057261910726,True,94,False,
subject,,9.0,HMM_static,7907,-7422.561942222167,-0.000372051589693,True,87,False,
subject,,9.0,HMM_static,7908,-7422.561876881605,-0.0003067110274059,True,83,False,
subject,,9.0,HMM_static,7909,-7422.56207558388,-0.0005054133025623,True,90,False,
subject,,9.0,HMM_static,7910,-7422.562077537257,-0.0005073666798125,True,92,False,
subject,,9.0,HMM_static,7911,-7422.561765740008,-0.0001955694306161,True,88,False,
subject,,9.0,HMM_static,7912,-7422.56162648955,-5.631897238345118e-05,True,81,False,
subject,,9.0,HMM_static,7913,-7422.562173441152,-0.000603270575084,True,88,False,
subject,,9.0,HMM_static,7914,-7422.561744059512,-0.0001738889350235,True,85,False,
subject,,9.0,HMM_static,7915,-7422.562155667383,-0.0005854968057974,True,91,False,
subject,,9.0,HMM_static,7916,-7422.561800640913,-0.0002304703357367,True,86,False,
subject,,9.0,HMM_static,7917,-7422.561783347597,-0.0002131770197593,True,82,False,
subject,,9.0,HMM_static,7918,-7422.561570170577,0.0,True,95,True,
subject,,9.0,HMM_static,7919,-7422.561818132647,-0.0002479620698068,True,79,False,
subject,,9.0,HMM_static,7920,-7422.561616072197,-4.590162006934406e-05,True,88,False,
subject,,9.0,HMM_static,7921,-7422.562048514894,-0.0004783443164342,True,86,False,
subject,,9.0,HMM_static,7922,-7422.5620257548335,-0.0004555842560876,True,85,False,
subject,,9.0,HMM_static,7923,-7422.561573087853,-2.917276106018108e-06,True,97,False,
subject,,9.0,HMM_static,7924,-7422.562027330701,-0.0004571601239149,True,84,False,
subject,,10.0,HMM_static,8000,-6170.883914446496,-3.789259881159524e-05,True,273,False,
subject,,10.0,HMM_static,8001,-6170.884110599918,-0.0002340460214327,True,284,False,
subject,,10.0,HMM_static,8002,-6170.884068047185,-0.0001914932881845,True,280,False,
subject,,10.0,HMM_static,8003,-6170.884028157666,-0.0001516037691544,True,292,False,
subject,,10.0,HMM_static,8004,-6170.884364900254,-0.0004883463570877,True,282,False,
subject,,10.0,HMM_static,8005,-6170.884004004292,-0.0001274503956665,True,286,False,
subject,,10.0,HMM_static,8006,-6170.884367064436,-0.0004905105397483,True,287,False,
subject,,10.0,HMM_static,8007,-6170.884420869542,-0.0005443156451292,True,282,False,
subject,,10.0,HMM_static,8008,-6170.883880025197,-3.4713002605712973e-06,True,293,False,
subject,,10.0,HMM_static,8009,-6170.8843692558485,-0.0004927019517708,True,291,False,
subject,,10.0,HMM_static,8010,-6170.884270265433,-0.0003937115361623,True,267,False,
subject,,10.0,HMM_static,8011,-6170.884392940355,-0.0005163864580026,True,284,False,
subject,,10.0,HMM_static,8012,-6170.884248913128,-0.0003723592308233,True,287,False,
subject,,10.0,HMM_static,8013,-6170.8842657537625,-0.0003891998658218,True,286,False,
subject,,10.0,HMM_static,8014,-6170.8843323093615,-0.0004557554648272,True,284,False,
subject,,10.0,HMM_static,8015,-6170.884193625311,-0.0003170714144289,True,289,False,
subject,,10.0,HMM_static,8016,-6170.884097905919,-0.0002213520219811,True,294,False,
subject,,10.0,HMM_static,8017,-6170.884147591455,-0.0002710375583774,True,290,False,
subject,,10.0,HMM_static,8018,-6170.884380559084,-0.0005040051873947,True,286,False,
subject,,10.0,HMM_static,8019,-6170.884199759359,-0.0003232054623367,True,281,False,
subject,,10.0,HMM_static,8020,-6170.884386510889,-0.0005099569925732,True,287,False,
subject,,10.0,HMM_static,8021,-6170.883876553897,0.0,True,296,True,
subject,,10.0,HMM_static,8022,-6170.883993999761,-0.000117445863907,True,288,False,
subject,,10.0,HMM_static,8023,-6170.884346664361,-0.0004701104644482,True,283,False,
subject,,10.0,HMM_static,8024,-6170.8842288072665,-0.0003522533697832,True,268,False,
subject,,11.0,HMM_static,8100,-5272.062701774966,-0.0008034802031033,True,41,False,
subject,,11.0,HMM_static,8101,-5272.062115918571,-0.0002176238085667,True,42,False,
subject,,11.0,HMM_static,8102,-5272.0623145818345,-0.0004162870718573,True,45,False,
subject,,11.0,HMM_static,8103,-5272.062072237028,-0.0001739422650643,True,43,False,
subject,,11.0,HMM_static,8104,-5272.062217840317,-0.0003195455547029,True,44,False,
subject,,11.0,HMM_static,8105,-5272.0632773128455,-0.0013790180828436,True,42,False,
subject,,11.0,HMM_static,8106,-5272.062174060096,-0.0002757653328444,True,41,False,
subject,,11.0,HMM_static,8107,-5272.062318288362,-0.0004199935992801,True,42,False,
subject,,11.0,HMM_static,8108,-5272.062441690276,-0.0005433955129774,True,43,False,
subject,,11.0,HMM_static,8109,-5272.063823233097,-0.0019249383340138,True,45,False,
subject,,11.0,HMM_static,8110,-5272.061898294763,0.0,True,43,True,
subject,,11.0,HMM_static,8111,-5272.062302482969,-0.0004041882066303,True,44,False,
subject,,11.0,HMM_static,8112,-5272.062613051357,-0.0007147565947889,True,42,False,
subject,,11.0,HMM_static,8113,-5272.062144599697,-0.0002463049340803,True,45,False,
subject,,11.0,HMM_static,8114,-5272.062667224051,-0.0007689292888244,True,42,False,
subject,,11.0,HMM_static,8115,-5272.06283153584,-0.0009332410772913,True,45,False,
subject,,11.0,HMM_static,8116,-5272.062763934713,-0.0008656399504616,True,43,False,
subject,,11.0,HMM_static,8117,-5272.062463293549,-0.0005649987861033,True,44,False,
subject,,11.0,HMM_static,8118,-5272.06203086353,-0.0001325687671851,True,44,False,
subject,,11.0,HMM_static,8119,-5272.063115723984,-0.0012174292214695,True,42,False,
subject,,11.0,HMM_static,8120,-5272.064159996091,-0.0022617013282797,True,43,False,
subject,,11.0,HMM_static,8121,-5272.0620065666135,-0.0001082718508769,True,41,False,
subject,,11.0,HMM_static,8122,-5272.062603018414,-0.0007047236513244,True,46,False,
subject,,11.0,HMM_static,8123,-5272.062023367087,-0.0001250723244083,True,41,False,
subject,,11.0,HMM_static,8124,-5272.062147354236,-0.0002490594733899,True,45,False,
subject,,12.0,HMM_static,8200,-6122.731897634885,-0.0059585628905551,True,51,False,
subject,,12.0,HMM_static,8201,-6122.7334278067565,-0.0074887347618641,True,65,False,
subject,,12.0,HMM_static,8202,-6122.730756590648,-0.0048175186529988,True,54,False,
subject,,12.0,HMM_static,8203,-6122.730009125849,-0.0040700538547753,True,56,False,
subject,,12.0,HMM_static,8204,-6122.7335358812325,-0.0075968092378388,True,62,False,
subject,,12.0,HMM_static,8205,-6122.733993790104,-0.0080547181096335,True,57,False,
subject,,12.0,HMM_static,8206,-6122.732960710853,-0.0070216388585322,True,66,False,
subject,,12.0,HMM_static,8207,-6122.733597407933,-0.0076583359386859,True,58,False,
subject,,12.0,HMM_static,8208,-6122.733239702291,-0.0073006302964131,True,60,False,
subject,,12.0,HMM_static,8209,-6122.733685875106,-0.0077468031113312,True,63,False,
subject,,12.0,HMM_static,8210,-6122.727525349452,-0.001586277457136,True,48,False,
subject,,12.0,HMM_static,8211,-6122.733737364164,-0.0077982921693546,True,56,False,
subject,,12.0,HMM_static,8212,-6122.733356055187,-0.0074169831923427,True,48,False,
subject,,12.0,HMM_static,8213,-6122.733650892204,-0.0077118202088968,True,60,False,
subject,,12.0,HMM_static,8214,-6122.728326833456,-0.0023877614612501,True,52,False,
subject,,12.0,HMM_static,8215,-6122.733464744408,-0.0075256724130667,True,65,False,
subject,,12.0,HMM_static,8216,-6122.731319346007,-0.0053802740121682,True,55,False,
subject,,12.0,HMM_static,8217,-6122.760940685719,-0.0350016137244892,True,25,False,
subject,,12.0,HMM_static,8218,-6122.733584783725,-0.0076457117302197,True,67,False,
subject,,12.0,HMM_static,8219,-6122.7478545363765,-0.021915464381891,True,31,False,
subject,,12.0,HMM_static,8220,-6122.732374895828,-0.0064358238332715,True,60,False,
subject,,12.0,HMM_static,8221,-6122.725939071995,0.0,True,50,True,
subject,,12.0,HMM_static,8222,-6122.733392858723,-0.0074537867285471,True,37,False,
subject,,12.0,HMM_static,8223,-6122.733513568191,-0.0075744961959571,True,64,False,
subject,,12.0,HMM_static,8224,-6122.731018304834,-0.0050792328393072,True,50,False,
